Title,ECTS,Link
M-INFO-102014 – Weitere Leistungen,5.0,../../campus/all/abstractModuleView.asp?gguid=0xF1B2D2F393C9954CA53B2072102561C1&camvguid=0xE7CCFB9C7C4A4873975B5DCF0B8BD143&camvceid=CMPEL_8F5EF540&cafiguid=0xABA21F33AEEA4899BE1AB8E67083C2CB&tguid=0x40B784B43AED4CC9857335104533EDFB
M-INFO-100031 – Algorithmen für Routenplanung,5.0,../../campus/all/abstractModuleView.asp?gguid=0xC939C3567280A641BBED9A7B5666E281&camvguid=0x8E86C410EF600048832E201B8F398E90&camvceid=CMPEL_8F5EF540&cafiguid=0xABA21F33AEEA4899BE1AB8E67083C2CB&tguid=0x40B784B43AED4CC9857335104533EDFB
M-INFO-100719 – Software-Evolution,3.0,../../campus/all/abstractModuleView.asp?gguid=0x480D084C62E0A54EBBE4B3E4AF8C6AC9&camvguid=0x25870101859E0546AD0403B6FF442E76&camvceid=CMPEL_8F5EF540&cafiguid=0xABA21F33AEEA4899BE1AB8E67083C2CB&tguid=0x40B784B43AED4CC9857335104533EDFB
M-INFO-100721 – Rekonfigurierbare und Adaptive Systeme,3.0,../../campus/all/abstractModuleView.asp?gguid=0x154FB2B210242041A38387A70FB0D7AA&camvguid=0x46A078645C267341965D3CEB8749A276&camvceid=CMPEL_8F5EF540&cafiguid=0xABA21F33AEEA4899BE1AB8E67083C2CB&tguid=0x40B784B43AED4CC9857335104533EDFB
M-INFO-100724 – Praktikum: General-Purpose Computation on Graphics Processing Units,3.0,../../campus/all/abstractModuleView.asp?gguid=0x2739D17680A7E14FAACFB2FAD0C8726F&camvguid=0x9C414DC915EE4A048ABB8E8CC0B533B2&camvceid=CMPEL_8F5EF540&cafiguid=0xABA21F33AEEA4899BE1AB8E67083C2CB&tguid=0x40B784B43AED4CC9857335104533EDFB
"M-INFO-100725 – Gehirn und Zentrales Nervensystem: Struktur, Informationstransfer, Reizverarbeitung, Neurophysiologie und Therapie",3.0,../../campus/all/abstractModuleView.asp?gguid=0x7325EC17B2FCBE40AD01F8161022550F&camvguid=0x1C0C1DBCB76C614BB9DF96244E2DDC92&camvceid=CMPEL_8F5EF540&cafiguid=0xABA21F33AEEA4899BE1AB8E67083C2CB&tguid=0x40B784B43AED4CC9857335104533EDFB
M-INFO-100728 – Kontextsensitive Systeme,5.0,../../campus/all/abstractModuleView.asp?gguid=0x43B60891DAE7694BA84006B39CD1A50D&camvguid=0x179FAD57D9CA46AEB59F7E62E8BAE235&camvceid=CMPEL_8F5EF540&cafiguid=0xABA21F33AEEA4899BE1AB8E67083C2CB&tguid=0x40B784B43AED4CC9857335104533EDFB
M-INFO-100729 – Mensch-Maschine-Interaktion,6.0,../../campus/all/abstractModuleView.asp?gguid=0x394F0F68CFFA674BA3E8842A155311F8&camvguid=0x2A48B9864CB07F43BF730B5882D34FDD&camvceid=CMPEL_8F5EF540&cafiguid=0xABA21F33AEEA4899BE1AB8E67083C2CB&tguid=0x40B784B43AED4CC9857335104533EDFB
M-INFO-100731 – Fotorealistische Bildsynthese,5.0,../../campus/all/abstractModuleView.asp?gguid=0x1ECAA76F192A5C4FBC13A8AA2B34BDB9&camvguid=0x1B243FE0E69D0C408D1C4F02C43937F2&camvceid=CMPEL_8F5EF540&cafiguid=0xABA21F33AEEA4899BE1AB8E67083C2CB&tguid=0x40B784B43AED4CC9857335104533EDFB
M-INFO-100732 – Interaktive Computergrafik,5.0,../../campus/all/abstractModuleView.asp?gguid=0xF2FDB1CFAF43E745BBE3D0EFEF62260D&camvguid=0xE06804E9D6DBB2489AA8C42C683AA64A&camvceid=CMPEL_8F5EF540&cafiguid=0xABA21F33AEEA4899BE1AB8E67083C2CB&tguid=0x40B784B43AED4CC9857335104533EDFB
M-INFO-100734 – Web-Anwendungen und Serviceorientierte Architekturen (II),4.0,../../campus/all/abstractModuleView.asp?gguid=0x11AD556C29847C4A9F1AAF94C0EB9C74&camvguid=0x9C62E65D9013F04DA1FCD06042BFC512&camvceid=CMPEL_8F5EF540&cafiguid=0xABA21F33AEEA4899BE1AB8E67083C2CB&tguid=0x40B784B43AED4CC9857335104533EDFB
M-INFO-100735 – Sprachverarbeitung in der Softwaretechnik,3.0,../../campus/all/abstractModuleView.asp?gguid=0x6CCA3412E76E3B4791BC6B1C85AA4347&camvguid=0x1C378834F4B7704FA270C8C04B8B83B0&camvceid=CMPEL_8F5EF540&cafiguid=0xABA21F33AEEA4899BE1AB8E67083C2CB&tguid=0x40B784B43AED4CC9857335104533EDFB
M-INFO-100736 – Einführung in die Bildfolgenauswertung,3.0,../../campus/all/abstractModuleView.asp?gguid=0x1E521716F65E0B429E51FD1A07B0AC0D&camvguid=0x2775033E56BAC14C8CAB5A6FE16306DB&camvceid=CMPEL_8F5EF540&cafiguid=0xABA21F33AEEA4899BE1AB8E67083C2CB&tguid=0x40B784B43AED4CC9857335104533EDFB
M-INFO-100738 – Visualisierung,5.0,../../campus/all/abstractModuleView.asp?gguid=0xBF7E5F47605B1D488A960E7F5BFD04CE&camvguid=0x9B21F1681CB1EB4DBE018222A37E16B6&camvceid=CMPEL_8F5EF540&cafiguid=0xABA21F33AEEA4899BE1AB8E67083C2CB&tguid=0x40B784B43AED4CC9857335104533EDFB
M-INFO-100739 – Data and Storage Management,4.0,../../campus/all/abstractModuleView.asp?gguid=0xDC977E410EFF7549843FB5A1172CE276&camvguid=0x34E3D826E434DF42B6D784D179A95262&camvceid=CMPEL_8F5EF540&cafiguid=0xABA21F33AEEA4899BE1AB8E67083C2CB&tguid=0x40B784B43AED4CC9857335104533EDFB
M-INFO-100741 – Modellgetriebene Software-Entwicklung,3.0,../../campus/all/abstractModuleView.asp?gguid=0x5BC3286B2EA36E4A8F04CCCDA87230E2&camvguid=0x8355C1FB3613064BBC031E6E55E15A94&camvceid=CMPEL_8F5EF540&cafiguid=0xABA21F33AEEA4899BE1AB8E67083C2CB&tguid=0x40B784B43AED4CC9857335104533EDFB
M-INFO-100742 – Kryptographische Wahlverfahren,3.0,../../campus/all/abstractModuleView.asp?gguid=0x4E746948773F8C40B820C80E69D6B8A2&camvguid=0x967AD0A8D583234FB79BD52CFA4F98EE&camvceid=CMPEL_8F5EF540&cafiguid=0xABA21F33AEEA4899BE1AB8E67083C2CB&tguid=0x40B784B43AED4CC9857335104533EDFB
M-INFO-100744 – Formale Systeme II: Anwendung,5.0,../../campus/all/abstractModuleView.asp?gguid=0x3BB56B060A9B6E4B947C8588A21B5CAD&camvguid=0x2EB028EF55A7BE409523106BFCF879FF&camvceid=CMPEL_8F5EF540&cafiguid=0xABA21F33AEEA4899BE1AB8E67083C2CB&tguid=0x40B784B43AED4CC9857335104533EDFB
M-INFO-100746 – Seminar Hot Topics in Networking,3.0,../../campus/all/abstractModuleView.asp?gguid=0x9439D5EA4DB8F94FA19F1C420FA2C41B&camvguid=0x5CC8AB28CFF0A14AAF22F01E72BA55E3&camvceid=CMPEL_8F5EF540&cafiguid=0xABA21F33AEEA4899BE1AB8E67083C2CB&tguid=0x40B784B43AED4CC9857335104533EDFB
M-INFO-100747 – Integriertes Netz- und Systemmanagement,4.0,../../campus/all/abstractModuleView.asp?gguid=0x72B40B05A86A0949B93331C1D9512C52&camvguid=0xE35DD8BE15157447BF28D542691E2D8A&camvceid=CMPEL_8F5EF540&cafiguid=0xABA21F33AEEA4899BE1AB8E67083C2CB&tguid=0x40B784B43AED4CC9857335104533EDFB
M-INFO-100749 – Introduction to Bioinformatics for Computer Scientists,3.0,../../campus/all/abstractModuleView.asp?gguid=0x02D0C2BA22FC594E9352F85138F5CD85&camvguid=0x2CC5A5789E962543B9AE58D717AE43AE&camvceid=CMPEL_8F5EF540&cafiguid=0xABA21F33AEEA4899BE1AB8E67083C2CB&tguid=0x40B784B43AED4CC9857335104533EDFB
M-INFO-100750 – Seminar: Hot Topics in Bioinformatics,3.0,../../campus/all/abstractModuleView.asp?gguid=0xE0DD9FE44DCD7A45AEAC4E7B9EA9181A&camvguid=0xC5447623762A3A4C98F64ADA1D02D7DF&camvceid=CMPEL_8F5EF540&cafiguid=0xABA21F33AEEA4899BE1AB8E67083C2CB&tguid=0x40B784B43AED4CC9857335104533EDFB
M-INFO-100753 – Gestaltungsgrundsätze für interaktive Echtzeitsysteme,3.0,../../campus/all/abstractModuleView.asp?gguid=0x4E09EEE295612546BB32C1BC92C6578F&camvguid=0xC8AB1954D7CE414784A35324DED4E9F6&camvceid=CMPEL_8F5EF540&cafiguid=0xABA21F33AEEA4899BE1AB8E67083C2CB&tguid=0x40B784B43AED4CC9857335104533EDFB
M-INFO-100754 – Algorithmische Kartografie,5.0,../../campus/all/abstractModuleView.asp?gguid=0x8289DE51BEB82F4DBF058E6C65D44AD3&camvguid=0x5BD6D3EA2D99A34E9E486F13FF097C51&camvceid=CMPEL_8F5EF540&cafiguid=0xABA21F33AEEA4899BE1AB8E67083C2CB&tguid=0x40B784B43AED4CC9857335104533EDFB
M-INFO-100756 – Geometrische Grundlagen der Geometrieverarbeitung,5.0,../../campus/all/abstractModuleView.asp?gguid=0x40707C41ED0EE142B609D553D04C66DE&camvguid=0x2847489942374E268DD45C9754C8817E&camvceid=CMPEL_8F5EF540&cafiguid=0xABA21F33AEEA4899BE1AB8E67083C2CB&tguid=0x40B784B43AED4CC9857335104533EDFB
M-INFO-100757 – Mechano-Informatik in der Robotik,4.0,../../campus/all/abstractModuleView.asp?gguid=0xB793EAB5BA71E34A82B329E36EC6D12D&camvguid=0x7EB219CA289DEE43A1776341FB7D6FE2&camvceid=CMPEL_8F5EF540&cafiguid=0xABA21F33AEEA4899BE1AB8E67083C2CB&tguid=0x40B784B43AED4CC9857335104533EDFB
M-INFO-100758 – Graphpartitionierung und Graphenclustern in Theorie und Praxis,5.0,../../campus/all/abstractModuleView.asp?gguid=0x685B03C0F4737843BEC8170066083FA0&camvguid=0x421CA64B7C72410098F41CEDE9D78227&camvceid=CMPEL_8F5EF540&cafiguid=0xABA21F33AEEA4899BE1AB8E67083C2CB&tguid=0x40B784B43AED4CC9857335104533EDFB
M-INFO-100761 – Verteiltes Rechnen,4.0,../../campus/all/abstractModuleView.asp?gguid=0xDF41FBC1BC3B4E48860EA8B93848C7E6&camvguid=0xBB091EEF47E27B4A8547C7D86287DDC5&camvceid=CMPEL_8F5EF540&cafiguid=0xABA21F33AEEA4899BE1AB8E67083C2CB&tguid=0x40B784B43AED4CC9857335104533EDFB
M-INFO-100762 – Algorithmische Graphentheorie,5.0,../../campus/all/abstractModuleView.asp?gguid=0x871831160C75E249A44465160CE601B0&camvguid=0x1CC294C61699D44CB2BB905B2122E305&camvceid=CMPEL_8F5EF540&cafiguid=0xABA21F33AEEA4899BE1AB8E67083C2CB&tguid=0x40B784B43AED4CC9857335104533EDFB
M-INFO-100763 – Requirements Engineering ,3.0,../../campus/all/abstractModuleView.asp?gguid=0xBA9A2F191348A240A2B7348708F93B45&camvguid=0x5D74DA55701473408DADD9E3BC5B5FC2&camvceid=CMPEL_8F5EF540&cafiguid=0xABA21F33AEEA4899BE1AB8E67083C2CB&tguid=0x40B784B43AED4CC9857335104533EDFB
M-INFO-100780 – Datenbankeinsatz,5.0,../../campus/all/abstractModuleView.asp?gguid=0xE7DA6959CDA7DF4B904BCFA9A77D4A43&camvguid=0x302C56AD705B9E468B137A7E56664134&camvceid=CMPEL_8F5EF540&cafiguid=0xABA21F33AEEA4899BE1AB8E67083C2CB&tguid=0x40B784B43AED4CC9857335104533EDFB
M-INFO-100782 – Netzsicherheit: Architekturen und Protokolle,4.0,../../campus/all/abstractModuleView.asp?gguid=0xB7486E036659F3499EBAF56ADE63C99B&camvguid=0xAF4ACB9846942A478324356EDFF520D0&camvceid=CMPEL_8F5EF540&cafiguid=0xABA21F33AEEA4899BE1AB8E67083C2CB&tguid=0x40B784B43AED4CC9857335104533EDFB
M-INFO-100784 – Next Generation Internet,4.0,../../campus/all/abstractModuleView.asp?gguid=0x8B2C801CC663E24D9A0C7D2226DDF514&camvguid=0x10115E19A97F1A4693140E09AB00DC04&camvceid=CMPEL_8F5EF540&cafiguid=0xABA21F33AEEA4899BE1AB8E67083C2CB&tguid=0x40B784B43AED4CC9857335104533EDFB
M-INFO-100785 – Mobilkommunikation,4.0,../../campus/all/abstractModuleView.asp?gguid=0xFDE10C60D051394BB65A0937B5D49D52&camvguid=0xADB388B246C85E43BE608083B32ACB3A&camvceid=CMPEL_8F5EF540&cafiguid=0xABA21F33AEEA4899BE1AB8E67083C2CB&tguid=0x40B784B43AED4CC9857335104533EDFB
M-INFO-100786 – IT-Sicherheitsmanagement für vernetzte Systeme,5.0,../../campus/all/abstractModuleView.asp?gguid=0x5EF9DEF30648F941B5D8BB27AB5F54F7&camvguid=0xF6EBC0C98DB4574B93256E231A92AC61&camvceid=CMPEL_8F5EF540&cafiguid=0xABA21F33AEEA4899BE1AB8E67083C2CB&tguid=0x40B784B43AED4CC9857335104533EDFB
M-INFO-100789 – Ubiquitäre Informationstechnologien,5.0,../../campus/all/abstractModuleView.asp?gguid=0x5B964AA63FDDE447A448CB89A1DCB96E&camvguid=0x61A6C463FDF0A04EA315939D6A8F5FA3&camvceid=CMPEL_8F5EF540&cafiguid=0xABA21F33AEEA4899BE1AB8E67083C2CB&tguid=0x40B784B43AED4CC9857335104533EDFB
M-INFO-100791 – Innovative Konzepte zur Programmierung von Industrierobotern,4.0,../../campus/all/abstractModuleView.asp?gguid=0x5F3A9B6271890F42BE928A5A13625845&camvguid=0x41AD8D913A72B44DB7D4F40A037F3530&camvceid=CMPEL_8F5EF540&cafiguid=0xABA21F33AEEA4899BE1AB8E67083C2CB&tguid=0x40B784B43AED4CC9857335104533EDFB
M-INFO-100794 – Randomisierte Algorithmen,5.0,../../campus/all/abstractModuleView.asp?gguid=0x0213594D56ADD442A4CED3F73EDCBF78&camvguid=0x39B6049B1C063848A31D7BD166558D3E&camvceid=CMPEL_8F5EF540&cafiguid=0xABA21F33AEEA4899BE1AB8E67083C2CB&tguid=0x40B784B43AED4CC9857335104533EDFB
M-INFO-100795 – Algorithm Engineering,5.0,../../campus/all/abstractModuleView.asp?gguid=0x5993076126200045A6E9561751A8ECCF&camvguid=0x733B1C3F13A74BC18A1A672A6BFD0F9A&camvceid=CMPEL_8F5EF540&cafiguid=0xABA21F33AEEA4899BE1AB8E67083C2CB&tguid=0x40B784B43AED4CC9857335104533EDFB
M-INFO-100796 – Parallele Algorithmen,5.0,../../campus/all/abstractModuleView.asp?gguid=0xF73BD1698A17E843874328FD95FD7069&camvguid=0x744F2C70F3314D79847A0EB8E11F852D&camvceid=CMPEL_8F5EF540&cafiguid=0xABA21F33AEEA4899BE1AB8E67083C2CB&tguid=0x40B784B43AED4CC9857335104533EDFB
M-INFO-100797 – Algorithmen in Zellularautomaten,5.0,../../campus/all/abstractModuleView.asp?gguid=0x46CF361001FB2644A89E0FFA14721D8A&camvguid=0x09156E9E03BF9240ABE390A0079B77B8&camvceid=CMPEL_8F5EF540&cafiguid=0xABA21F33AEEA4899BE1AB8E67083C2CB&tguid=0x40B784B43AED4CC9857335104533EDFB
M-INFO-100798 – Empirische Softwaretechnik,4.0,../../campus/all/abstractModuleView.asp?gguid=0x39E1849C6171454895DC957E6ACED37C&camvguid=0x322479D78240D944B03255B25EAB0A7F&camvceid=CMPEL_8F5EF540&cafiguid=0xABA21F33AEEA4899BE1AB8E67083C2CB&tguid=0x40B784B43AED4CC9857335104533EDFB
M-INFO-100799 – Formale Systeme,6.0,../../campus/student/specificModuleView.asp?gguid=0x346C0DBDE5E14301AE182F889A77CA4D&tguid=0x40B784B43AED4CC9857335104533EDFB
M-INFO-100800 – Internet of Everything,4.0,../../campus/all/abstractModuleView.asp?gguid=0xE4BB2A4589E51B4AA1AF1794F1154184&camvguid=0x3BB57902FEDDCE4880AEA5F18BC56106&camvceid=CMPEL_8F5EF540&cafiguid=0xABA21F33AEEA4899BE1AB8E67083C2CB&tguid=0x40B784B43AED4CC9857335104533EDFB
M-INFO-100801 – Telematik,6.0,../../campus/all/abstractModuleView.asp?gguid=0x61AFB44AF5C3FD47A36DB5C30690244C&camvguid=0x40FF7DBE9DEF094BA7008E35C00167D3&camvceid=CMPEL_8F5EF540&cafiguid=0xABA21F33AEEA4899BE1AB8E67083C2CB&tguid=0x40B784B43AED4CC9857335104533EDFB
M-INFO-100803 – Echtzeitsysteme,6.0,../../campus/all/abstractModuleView.asp?gguid=0xFCC038322D3AF74D8F5CEE8A8B6AEA7A&camvguid=0x5AF7E34B421E12488920C639B262E285&camvceid=CMPEL_8F5EF540&cafiguid=0xABA21F33AEEA4899BE1AB8E67083C2CB&tguid=0x40B784B43AED4CC9857335104533EDFB
M-INFO-100804 – Power Management,3.0,../../campus/all/abstractModuleView.asp?gguid=0x3EF2DA86F4724E478EAE7EA621272D77&camvguid=0x26C11975A8FCA74397DEEE4CC0E1D5A2&camvceid=CMPEL_8F5EF540&cafiguid=0xABA21F33AEEA4899BE1AB8E67083C2CB&tguid=0x40B784B43AED4CC9857335104533EDFB
M-INFO-100806 – Sprachtechnologie und Compiler,8.0,../../campus/all/abstractModuleView.asp?gguid=0x37F47E6351A4F040BEC0365C761A130F&camvguid=0x9FD810C57E55E640A41077D5B610E2C8&camvceid=CMPEL_8F5EF540&cafiguid=0xABA21F33AEEA4899BE1AB8E67083C2CB&tguid=0x40B784B43AED4CC9857335104533EDFB
M-INFO-100807 – Low Power Design,3.0,../../campus/all/abstractModuleView.asp?gguid=0x03A8DBF136EA544B8DB5FF58F4ADD83E&camvguid=0x968AD9E0057978428AC52DC9CAC5B63E&camvceid=CMPEL_8F5EF540&cafiguid=0xABA21F33AEEA4899BE1AB8E67083C2CB&tguid=0x40B784B43AED4CC9857335104533EDFB
M-INFO-100808 – Parallelrechner und Parallelprogrammierung,4.0,../../campus/all/abstractModuleView.asp?gguid=0x25E582DFDEB12540B590A59987F8B431&camvguid=0xB1B095D47C6E3F41B37B8951EEC5DF5B&camvceid=CMPEL_8F5EF540&cafiguid=0xABA21F33AEEA4899BE1AB8E67083C2CB&tguid=0x40B784B43AED4CC9857335104533EDFB
M-INFO-100812 – Netze und Punktwolken,3.0,../../campus/all/abstractModuleView.asp?gguid=0xCC244C782B57D2439495DEB6A2D5316C&camvguid=0x2465B3A6FD24B848913B9C2D066FFD2F&camvceid=CMPEL_8F5EF540&cafiguid=0xABA21F33AEEA4899BE1AB8E67083C2CB&tguid=0x40B784B43AED4CC9857335104533EDFB
M-INFO-100814 – Biologisch Motivierte Robotersysteme,3.0,../../campus/all/abstractModuleView.asp?gguid=0xFEAFA0F5A999DB4EB37CA1832889960F&camvguid=0x2C5680975BF33E4AAA5B5A95BE303DD3&camvceid=CMPEL_8F5EF540&cafiguid=0xABA21F33AEEA4899BE1AB8E67083C2CB&tguid=0x40B784B43AED4CC9857335104533EDFB
M-INFO-100818 – Rechnerstrukturen,6.0,../../campus/all/abstractModuleView.asp?gguid=0x60F0548AB688414087884F8143C1BABD&camvguid=0xC1C7EFC3A9A3AE4F9FF6CE0EC46825B1&camvceid=CMPEL_8F5EF540&cafiguid=0xABA21F33AEEA4899BE1AB8E67083C2CB&tguid=0x40B784B43AED4CC9857335104533EDFB
M-INFO-100822 – Heterogene parallele Rechensysteme,3.0,../../campus/all/abstractModuleView.asp?gguid=0xFCA5B33F187A4D449807C8D1E546DB2D&camvguid=0x70AA395A0D3ECF4EAEE037FEA7237EC9&camvceid=CMPEL_8F5EF540&cafiguid=0xABA21F33AEEA4899BE1AB8E67083C2CB&tguid=0x40B784B43AED4CC9857335104533EDFB
M-INFO-100823 – Signale und Codes,3.0,../../campus/all/abstractModuleView.asp?gguid=0xA0554B020E3E344DB909F49C64FACB6F&camvguid=0xF31880BD58659B459964913276AF539D&camvceid=CMPEL_8F5EF540&cafiguid=0xABA21F33AEEA4899BE1AB8E67083C2CB&tguid=0x40B784B43AED4CC9857335104533EDFB
M-INFO-100824 – Mensch-Maschine-Wechselwirkung in der Anthropomatik: Basiswissen,3.0,../../campus/all/abstractModuleView.asp?gguid=0x96A4406EBF9A4D4885E0ACB76AC55A01&camvguid=0x381C3E158380CD45B95A47FE27A20D66&camvceid=CMPEL_8F5EF540&cafiguid=0xABA21F33AEEA4899BE1AB8E67083C2CB&tguid=0x40B784B43AED4CC9857335104533EDFB
M-INFO-100825 – Mustererkennung,6.0,../../campus/all/abstractModuleView.asp?gguid=0xD6EA7196C0F31047A98DEB54A625E7F5&camvguid=0x949DB4A5B71044A296B7F78419055029&camvceid=CMPEL_8F5EF540&cafiguid=0xABA21F33AEEA4899BE1AB8E67083C2CB&tguid=0x40B784B43AED4CC9857335104533EDFB
M-INFO-100826 – Automatische Sichtprüfung und Bildverarbeitung,6.0,../../campus/all/abstractModuleView.asp?gguid=0xCEDF7DB984DEE04F99E2707C9374A221&camvguid=0x66F2E3608502AE4A80DE580F3939E06C&camvceid=CMPEL_8F5EF540&cafiguid=0xABA21F33AEEA4899BE1AB8E67083C2CB&tguid=0x40B784B43AED4CC9857335104533EDFB
M-INFO-100829 – Stochastische Informationsverarbeitung,6.0,../../campus/all/abstractModuleView.asp?gguid=0x23216C7C6DA3DA4D8358A3C35A5503B8&camvguid=0x79796E51911DF74493C7AB023B77D0D9&camvceid=CMPEL_8F5EF540&cafiguid=0xABA21F33AEEA4899BE1AB8E67083C2CB&tguid=0x40B784B43AED4CC9857335104533EDFB
M-INFO-100830 – Optimierung und Synthese Eingebetteter Systeme (ES1),3.0,../../campus/all/abstractModuleView.asp?gguid=0x012917FD6AE22E4CB98E4DAEDE0877BA&camvguid=0x3B28DA7F6ACBD945A212C0126B2118DE&camvceid=CMPEL_8F5EF540&cafiguid=0xABA21F33AEEA4899BE1AB8E67083C2CB&tguid=0x40B784B43AED4CC9857335104533EDFB
M-INFO-100831 – Entwurf und Architekturen für Eingebettete Systeme (ES2),3.0,../../campus/all/abstractModuleView.asp?gguid=0x14B17D64016ECA4EACC119142C08D940&camvguid=0x43A5A141FCE7D548B0EEC653DE7D3D3F&camvceid=CMPEL_8F5EF540&cafiguid=0xABA21F33AEEA4899BE1AB8E67083C2CB&tguid=0x40B784B43AED4CC9857335104533EDFB
M-INFO-100833 – Softwaretechnik II,6.0,../../campus/all/abstractModuleView.asp?gguid=0x2713BF35B7E7844D879357975B9A414A&camvguid=0xF86DD62F0D7C824AB25125836646DE4D&camvceid=CMPEL_8F5EF540&cafiguid=0xABA21F33AEEA4899BE1AB8E67083C2CB&tguid=0x40B784B43AED4CC9857335104533EDFB
M-INFO-100837 – Kurven und Flächen im CAD I,5.0,../../campus/all/abstractModuleView.asp?gguid=0xCBE68B1DCC89C24E86E8F22FEFA56D88&camvguid=0xA3626F6662EBAF4CBBCE8C3E0C4B779A&camvceid=CMPEL_8F5EF540&cafiguid=0xABA21F33AEEA4899BE1AB8E67083C2CB&tguid=0x40B784B43AED4CC9857335104533EDFB
M-INFO-100839 – Unscharfe Mengen,6.0,../../campus/all/abstractModuleView.asp?gguid=0x9C5DE391B493494ABC3D25D4EE25D361&camvguid=0x2F78C1867D93BB479AF354385953968D&camvceid=CMPEL_8F5EF540&cafiguid=0xABA21F33AEEA4899BE1AB8E67083C2CB&tguid=0x40B784B43AED4CC9857335104533EDFB
M-INFO-100840 – Lokalisierung mobiler Agenten,6.0,../../campus/all/abstractModuleView.asp?gguid=0x36A2C71CB54A2B42B9723DEBA7120D54&camvguid=0xA7D5F2CBDF5CB74892A2CD3D7E4C4E11&camvceid=CMPEL_8F5EF540&cafiguid=0xABA21F33AEEA4899BE1AB8E67083C2CB&tguid=0x40B784B43AED4CC9857335104533EDFB
M-INFO-100841 – Formale Systeme II: Theorie,5.0,../../campus/all/abstractModuleView.asp?gguid=0x86F8A14505F2914D975847F4E582AB2F&camvguid=0x5D46533AC88C8343903D11077772350F&camvceid=CMPEL_8F5EF540&cafiguid=0xABA21F33AEEA4899BE1AB8E67083C2CB&tguid=0x40B784B43AED4CC9857335104533EDFB
M-INFO-100844 – Software-Architektur und -Qualität,3.0,../../campus/all/abstractModuleView.asp?gguid=0x826567B1AEAFF24E98E8758AE236C939&camvguid=0x013C8D9F8A3FD544BD656FF0496D04BC&camvceid=CMPEL_8F5EF540&cafiguid=0xABA21F33AEEA4899BE1AB8E67083C2CB&tguid=0x40B784B43AED4CC9857335104533EDFB
M-INFO-100847 – Grundlagen der Automatischen Spracherkennung,6.0,../../campus/all/abstractModuleView.asp?gguid=0xAA3C13681C3EC547AD88F18A80EBD21F&camvguid=0x881D93C82C0A97419863B3F0233B149A&camvceid=CMPEL_8F5EF540&cafiguid=0xABA21F33AEEA4899BE1AB8E67083C2CB&tguid=0x40B784B43AED4CC9857335104533EDFB
M-INFO-100848 – Maschinelle Übersetzung,6.0,../../campus/all/abstractModuleView.asp?gguid=0x9DACFD390E3B1646A9464B27D349DDAE&camvguid=0x4ADE78B281FE5E4BA516AE5426DE4C92&camvceid=CMPEL_8F5EF540&cafiguid=0xABA21F33AEEA4899BE1AB8E67083C2CB&tguid=0x40B784B43AED4CC9857335104533EDFB
M-INFO-100849 – Seminar Betriebssysteme für Fortgeschrittene,6.0,../../campus/all/abstractModuleView.asp?gguid=0x054B06C7B3211847ADDA772C55C8ED82&camvguid=0x0ECF1406A9FA6D4D910674D899848345&camvceid=CMPEL_8F5EF540&cafiguid=0xABA21F33AEEA4899BE1AB8E67083C2CB&tguid=0x40B784B43AED4CC9857335104533EDFB
M-INFO-100850 – Reliable Computing I,3.0,../../campus/all/abstractModuleView.asp?gguid=0xA1A9AFAD8FAC6F49AF2E4A353269EC6E&camvguid=0x2F8065089BE7FC4384A7EAB68C8B04DE&camvceid=CMPEL_8F5EF540&cafiguid=0xABA21F33AEEA4899BE1AB8E67083C2CB&tguid=0x40B784B43AED4CC9857335104533EDFB
M-INFO-100851 – Testing Digital Systems I,3.0,../../campus/all/abstractModuleView.asp?gguid=0x1AC5C88BAF48E24397EB3FBCEC8ACBE3&camvguid=0x5132CCC6152392449A96FCAB323B5609&camvceid=CMPEL_8F5EF540&cafiguid=0xABA21F33AEEA4899BE1AB8E67083C2CB&tguid=0x40B784B43AED4CC9857335104533EDFB
M-INFO-100852 – Inhaltsbasierte Bild- und Videoanalyse,3.0,../../campus/all/abstractModuleView.asp?gguid=0x2F748C816EB56F4EA38BA7E1D75A513A&camvguid=0xF2317CA063E8AB4984C19EE88921662E&camvceid=CMPEL_8F5EF540&cafiguid=0xABA21F33AEEA4899BE1AB8E67083C2CB&tguid=0x40B784B43AED4CC9857335104533EDFB
M-INFO-100853 – Symmetrische Verschlüsselungsverfahren,3.0,../../campus/all/abstractModuleView.asp?gguid=0x78AD7E36B3078E43B7CF7FB0F0A113E1&camvguid=0x17CC442EE66073429E8B3033B8BB6066&camvceid=CMPEL_8F5EF540&cafiguid=0xABA21F33AEEA4899BE1AB8E67083C2CB&tguid=0x40B784B43AED4CC9857335104533EDFB
M-INFO-100856 – Computergrafik,6.0,../../campus/student/specificModuleView.asp?gguid=0xE2971F16127D473482D70FCBE225D897&tguid=0x40B784B43AED4CC9857335104533EDFB
M-INFO-100867 – Virtuelle Systeme,3.0,../../campus/all/abstractModuleView.asp?gguid=0x3C2F578013CA054CBC0D73726B12A8D4&camvguid=0x687BA5B53B5BB44885602E66F478B75F&camvceid=CMPEL_8F5EF540&cafiguid=0xABA21F33AEEA4899BE1AB8E67083C2CB&tguid=0x40B784B43AED4CC9857335104533EDFB
M-INFO-100893 – Robotik I - Einführung in die Robotik,6.0,../../campus/all/abstractModuleView.asp?gguid=0x5D4CDD2216E2064AB79D29D0D7352F1B&camvguid=0x1DA73255A2D6411597352EE9CA9AC1E7&camvceid=CMPEL_8F5EF540&cafiguid=0xABA21F33AEEA4899BE1AB8E67083C2CB&tguid=0x40B784B43AED4CC9857335104533EDFB
M-INFO-100895 – Informationsverarbeitung in Sensornetzwerken,6.0,../../campus/all/abstractModuleView.asp?gguid=0x64A9BC8B5C464048A73F12EB58081525&camvguid=0x9E6A11667248AC4EA776988444F404A2&camvceid=CMPEL_8F5EF540&cafiguid=0xABA21F33AEEA4899BE1AB8E67083C2CB&tguid=0x40B784B43AED4CC9857335104533EDFB
M-INFO-101173 – Algorithmen II,6.0,../../campus/all/abstractModuleView.asp?gguid=0xD7207E3CD8D4D04E9008A0D40D2B7C43&camvguid=0xA90024F2D0201E40BDFF6D684C5FEBB9&camvceid=CMPEL_8F5EF540&cafiguid=0xABA21F33AEEA4899BE1AB8E67083C2CB&tguid=0x40B784B43AED4CC9857335104533EDFB
M-INFO-101183 – Mikroprozessoren I,3.0,../../campus/all/abstractModuleView.asp?gguid=0x93B9809852677A4585D1FB99DEAEF600&camvguid=0xC1D5DC8B9A9EB942A5B2F8DBB07CD1F4&camvceid=CMPEL_8F5EF540&cafiguid=0xABA21F33AEEA4899BE1AB8E67083C2CB&tguid=0x40B784B43AED4CC9857335104533EDFB
M-INFO-101184 – Basispraktikum Mobile Roboter,4.0,../../campus/all/abstractModuleView.asp?gguid=0x2E13D13CEA445B44B7702A5198F66D90&camvguid=0x534CEEAC8BDB4A85B0487B76B188A195&camvceid=CMPEL_8F5EF540&cafiguid=0xABA21F33AEEA4899BE1AB8E67083C2CB&tguid=0x40B784B43AED4CC9857335104533EDFB
M-INFO-101213 – Kurven und Flächen im CAD III,5.0,../../campus/all/abstractModuleView.asp?gguid=0xA386CA89730ADE41AC32FDC91C07860E&camvguid=0x0FB8DB52A1A32645BDC0D73A4CA056D7&camvceid=CMPEL_8F5EF540&cafiguid=0xABA21F33AEEA4899BE1AB8E67083C2CB&tguid=0x40B784B43AED4CC9857335104533EDFB
M-INFO-101219 – Basispraktikum TI: Hardwarenaher Systementwurf,4.0,../../campus/all/abstractModuleView.asp?gguid=0x2FE947988F429D419AD3261685A1C50B&camvguid=0x95F4B9255205E647AD9752665B973139&camvceid=CMPEL_8F5EF540&cafiguid=0xABA21F33AEEA4899BE1AB8E67083C2CB&tguid=0x40B784B43AED4CC9857335104533EDFB
M-INFO-101220 – Algorithmen für planare Graphen,5.0,../../campus/all/abstractModuleView.asp?gguid=0xB1175D75A7F49C4EA33A5A434C5C53FB&camvguid=0xF721C9A5A0709D43B8C78627125F0470&camvceid=CMPEL_8F5EF540&cafiguid=0xABA21F33AEEA4899BE1AB8E67083C2CB&tguid=0x40B784B43AED4CC9857335104533EDFB
M-INFO-101230 – Basispraktikum zum ICPC-Programmierwettbewerb,4.0,../../campus/all/abstractModuleView.asp?gguid=0x3F2A5D5BF9888D48BE643F3942207D22&camvguid=0x45D1CAC697F36A429E79B05664EB561C&camvceid=CMPEL_8F5EF540&cafiguid=0xABA21F33AEEA4899BE1AB8E67083C2CB&tguid=0x40B784B43AED4CC9857335104533EDFB
M-INFO-101231 – Kurven und Flächen im CAD II,5.0,../../campus/all/abstractModuleView.asp?gguid=0xC45B2EB815C5B74DACE8E5823EE0322B&camvguid=0x4DA9B6AEBCA52F48815680A7BABF11B9&camvceid=CMPEL_8F5EF540&cafiguid=0xABA21F33AEEA4899BE1AB8E67083C2CB&tguid=0x40B784B43AED4CC9857335104533EDFB
M-INFO-101237 – Algorithmische Methoden für schwere Optimierungsprobleme,5.0,../../campus/all/abstractModuleView.asp?gguid=0x9DADDEB30F300B42A49D31EE3B017BF4&camvguid=0xB0285DAB2F8C1449936FAF844DFDC625&camvceid=CMPEL_8F5EF540&cafiguid=0xABA21F33AEEA4899BE1AB8E67083C2CB&tguid=0x40B784B43AED4CC9857335104533EDFB
M-INFO-101245 – MARS-Basispraktikum,4.0,../../campus/all/abstractModuleView.asp?gguid=0xEDD833804D138642BB8663BC84101A24&camvguid=0xBE838124D9C3AE43B062580CB661A7E5&camvceid=CMPEL_8F5EF540&cafiguid=0xABA21F33AEEA4899BE1AB8E67083C2CB&tguid=0x40B784B43AED4CC9857335104533EDFB
M-INFO-101247 – Basispraktikum Protocol Engineering,4.0,../../campus/all/abstractModuleView.asp?gguid=0x90E00B50FC27C04586A62F77FAA917B1&camvguid=0x68F742A084B36C418A9674569497EE88&camvceid=CMPEL_8F5EF540&cafiguid=0xABA21F33AEEA4899BE1AB8E67083C2CB&tguid=0x40B784B43AED4CC9857335104533EDFB
M-INFO-101248 – Kurven im CAD,5.0,../../campus/all/abstractModuleView.asp?gguid=0xBD3A9FB3EC9CE646B1CDF58180E3B03E&camvguid=0xC62ABD2EC9122848A596E7F5ACC3FD3D&camvceid=CMPEL_8F5EF540&cafiguid=0xABA21F33AEEA4899BE1AB8E67083C2CB&tguid=0x40B784B43AED4CC9857335104533EDFB
M-INFO-101249 – Mobile Computing und Internet der Dinge,5.0,../../campus/all/abstractModuleView.asp?gguid=0xA1C6FFEF49070A4F84906B4FF94FE536&camvguid=0x96C44DD6FA034448B4BEC0C410F96CB2&camvceid=CMPEL_8F5EF540&cafiguid=0xABA21F33AEEA4899BE1AB8E67083C2CB&tguid=0x40B784B43AED4CC9857335104533EDFB
M-INFO-101254 – Flächen im CAD,5.0,../../campus/all/abstractModuleView.asp?gguid=0x4C36630788E6A148AC76AE7B5A52BDA7&camvguid=0xBADD09F40E8E6E48AF6C747606A36461&camvceid=CMPEL_8F5EF540&cafiguid=0xABA21F33AEEA4899BE1AB8E67083C2CB&tguid=0x40B784B43AED4CC9857335104533EDFB
M-INFO-101515 – Seminar: Zellularautomaten und diskrete komplexe Systeme  	,3.0,../../campus/all/abstractModuleView.asp?gguid=0x3D1EBE7D4401B54E80622B0E32792164&camvguid=0xFE9702C7C1DD5848971BF7DDABD79D8B&camvceid=CMPEL_8F5EF540&cafiguid=0xABA21F33AEEA4899BE1AB8E67083C2CB&tguid=0x40B784B43AED4CC9857335104533EDFB
M-INFO-101516 – Seminar: Zellularautomaten und diskrete komplexe Systeme für Fortgeschrittene,4.0,../../campus/all/abstractModuleView.asp?gguid=0x6B7959E4C8E3C542B63BF8F022236573&camvguid=0x8E6E8AC4D25322448690EF7FA607897D&camvceid=CMPEL_8F5EF540&cafiguid=0xABA21F33AEEA4899BE1AB8E67083C2CB&tguid=0x40B784B43AED4CC9857335104533EDFB
M-INFO-101537 – Praktikum: Programmverifikation,3.0,../../campus/all/abstractModuleView.asp?gguid=0x62E533E921A4374AA973167E4B5E4CEB&camvguid=0xF37DA32F8A17A5479F063076D7134DD8&camvceid=CMPEL_8F5EF540&cafiguid=0xABA21F33AEEA4899BE1AB8E67083C2CB&tguid=0x40B784B43AED4CC9857335104533EDFB
M-INFO-101540 – Seminar: Betriebssysteme,3.0,../../campus/all/abstractModuleView.asp?gguid=0x28C176C17304654EB44D299A92B30DA1&camvguid=0xAE777FD61BA94149BCCC106147E90861&camvceid=CMPEL_8F5EF540&cafiguid=0xABA21F33AEEA4899BE1AB8E67083C2CB&tguid=0x40B784B43AED4CC9857335104533EDFB
M-INFO-101542 – Power Management Praktikum,3.0,../../campus/all/abstractModuleView.asp?gguid=0x7B172B0F1434CC4EBCA786B24FD8075B&camvguid=0x739E596F6BBA164DB24CEF48944AB8BC&camvceid=CMPEL_8F5EF540&cafiguid=0xABA21F33AEEA4899BE1AB8E67083C2CB&tguid=0x40B784B43AED4CC9857335104533EDFB
M-INFO-101558 – Praktikum Kryptographie,3.0,../../campus/all/abstractModuleView.asp?gguid=0x8AEB71F53CBDA64C950C423F605442F4&camvguid=0xB6C28CF46C98B14A82AC990BC32FE1E4&camvceid=CMPEL_8F5EF540&cafiguid=0xABA21F33AEEA4899BE1AB8E67083C2CB&tguid=0x40B784B43AED4CC9857335104533EDFB
M-INFO-101559 – Praktikum Kryptoanalyse,3.0,../../campus/all/abstractModuleView.asp?gguid=0x8860BD76FF0A6749913329C3F4A27487&camvguid=0xBBCE7BB43F12784C88C1D7B318BA0680&camvceid=CMPEL_8F5EF540&cafiguid=0xABA21F33AEEA4899BE1AB8E67083C2CB&tguid=0x40B784B43AED4CC9857335104533EDFB
M-INFO-101560 – Praktikum Sicherheit,4.0,../../campus/all/abstractModuleView.asp?gguid=0x6727E1CCE38DBE41B4574C2A65BEF09D&camvguid=0xB70E61A9F2EB374C8967AACCCCDC1E99&camvceid=CMPEL_8F5EF540&cafiguid=0xABA21F33AEEA4899BE1AB8E67083C2CB&tguid=0x40B784B43AED4CC9857335104533EDFB
M-INFO-101561 – Seminar Kryptographie,3.0,../../campus/all/abstractModuleView.asp?gguid=0x9BA8DC377E95AC4182BFF6ECE9C4CB92&camvguid=0x664C45FBF415AF4595EB9A30E110F1CF&camvceid=CMPEL_8F5EF540&cafiguid=0xABA21F33AEEA4899BE1AB8E67083C2CB&tguid=0x40B784B43AED4CC9857335104533EDFB
M-INFO-101562 – Seminar Sicherheit,3.0,../../campus/all/abstractModuleView.asp?gguid=0x04FE13AA752E294AB4BDA4BFC056C819&camvguid=0x5475E9C0346B9A418B0A12EF2346FA58&camvceid=CMPEL_8F5EF540&cafiguid=0xABA21F33AEEA4899BE1AB8E67083C2CB&tguid=0x40B784B43AED4CC9857335104533EDFB
M-INFO-101567 – Praktikum: Visual Computing ,6.0,../../campus/all/abstractModuleView.asp?gguid=0x14CC2798E558E54E9011EF8375B7567B&camvguid=0x38196997375FAA4EABDA0984EE4FE07B&camvceid=CMPEL_8F5EF540&cafiguid=0xABA21F33AEEA4899BE1AB8E67083C2CB&tguid=0x40B784B43AED4CC9857335104533EDFB
M-INFO-101573 – Hands-on Bioinformatics Practical,3.0,../../campus/all/abstractModuleView.asp?gguid=0x5F8E1067CD73A84F9F28127650FF1DD0&camvguid=0xB7ED02828C159B41BAB2F851774F8483&camvceid=CMPEL_8F5EF540&cafiguid=0xABA21F33AEEA4899BE1AB8E67083C2CB&tguid=0x40B784B43AED4CC9857335104533EDFB
"M-INFO-101575 – Komplexitätstheorie, mit Anwendungen in der Kryptographie",6.0,../../campus/all/abstractModuleView.asp?gguid=0xA6EC25D9C88AE94595A9FC0A29A93048&camvguid=0xEC24694785FCE94D92411874F9EDCDAB&camvceid=CMPEL_8F5EF540&cafiguid=0xABA21F33AEEA4899BE1AB8E67083C2CB&tguid=0x40B784B43AED4CC9857335104533EDFB
M-INFO-101579 – Praktikum Modellgetriebene Software-Entwicklung,6.0,../../campus/all/abstractModuleView.asp?gguid=0x244C5777D5BAF949A003EC15938138F6&camvguid=0x4516BA599EC509428EF4CF1A00B5FF5E&camvceid=CMPEL_8F5EF540&cafiguid=0xABA21F33AEEA4899BE1AB8E67083C2CB&tguid=0x40B784B43AED4CC9857335104533EDFB
M-INFO-101629 – Seminar: Eingebettete Systeme I,3.0,../../campus/all/abstractModuleView.asp?gguid=0x5C64641D235ACD4F9D46D73BD06FD1A7&camvguid=0x69E9D0E753F4DC4C90D5320804A550D6&camvceid=CMPEL_8F5EF540&cafiguid=0xABA21F33AEEA4899BE1AB8E67083C2CB&tguid=0x40B784B43AED4CC9857335104533EDFB
M-INFO-101633 – Basispraktikum Web-Anwendungen und Serviceorientierte Architekturen (I),5.0,../../campus/all/abstractModuleView.asp?gguid=0x1079C2FF806547438E9883550BADDEBC&camvguid=0x21A45484FF7F4B8B800A26C532BB1DE7&camvceid=CMPEL_8F5EF540&cafiguid=0xABA21F33AEEA4899BE1AB8E67083C2CB&tguid=0x40B784B43AED4CC9857335104533EDFB
M-INFO-101635 – Praktikum: Web-Anwendungen und Serviceorientierte Architekturen (II),5.0,../../campus/all/abstractModuleView.asp?gguid=0x0B0ADEF08A9E9A43BDC086D128638B4F&camvguid=0x1203C70F0AF1498E9025944CEB92D41C&camvceid=CMPEL_8F5EF540&cafiguid=0xABA21F33AEEA4899BE1AB8E67083C2CB&tguid=0x40B784B43AED4CC9857335104533EDFB
M-INFO-101636 – Web-Anwendungen und Serviceorientierte Architekturen (I),4.0,../../campus/all/abstractModuleView.asp?gguid=0x042CD5FC054DEC4C8EC1C8FCC232B8FD&camvguid=0xDA6E978284F43F459307E47EAD0FBCE3&camvceid=CMPEL_8F5EF540&cafiguid=0xABA21F33AEEA4899BE1AB8E67083C2CB&tguid=0x40B784B43AED4CC9857335104533EDFB
M-INFO-101660 – Seminar Geometrieverarbeitung,3.0,../../campus/all/abstractModuleView.asp?gguid=0x00264ADDF4E34C448C3B86BDDD8E485E&camvguid=0x481FE20C8858E04E9864BF868949B18E&camvceid=CMPEL_8F5EF540&cafiguid=0xABA21F33AEEA4899BE1AB8E67083C2CB&tguid=0x40B784B43AED4CC9857335104533EDFB
M-INFO-101662 – Datenbank-Praktikum,4.0,../../campus/all/abstractModuleView.asp?gguid=0xD10FCB07C035F844A0ADAD7E0CD5DCB9&camvguid=0x68239554E75F6A488A4A1086F796CBA7&camvceid=CMPEL_8F5EF540&cafiguid=0xABA21F33AEEA4899BE1AB8E67083C2CB&tguid=0x40B784B43AED4CC9857335104533EDFB
M-INFO-101666 – Praktikum: Geometrisches Modellieren,3.0,../../campus/all/abstractModuleView.asp?gguid=0xDC720F2A99414244BAD0D9A152A148C7&camvguid=0xE100C556130E214B9383801A1ECBA1E0&camvceid=CMPEL_8F5EF540&cafiguid=0xABA21F33AEEA4899BE1AB8E67083C2CB&tguid=0x40B784B43AED4CC9857335104533EDFB
M-INFO-101667 – Praktikum: Diskrete Freiformflächen,6.0,../../campus/all/abstractModuleView.asp?gguid=0x40F26734BD934F4D9EB8E0179D79CCB9&camvguid=0x9AF03D5B7A065042A5BBE911E2F2B55F&camvceid=CMPEL_8F5EF540&cafiguid=0xABA21F33AEEA4899BE1AB8E67083C2CB&tguid=0x40B784B43AED4CC9857335104533EDFB
M-INFO-101794 – Seminar Informationssysteme,3.0,../../campus/all/abstractModuleView.asp?gguid=0x7A0A8525552C27499F742C80785291EF&camvguid=0x7692315879D34421A6A75F906ED21036&camvceid=CMPEL_8F5EF540&cafiguid=0xABA21F33AEEA4899BE1AB8E67083C2CB&tguid=0x40B784B43AED4CC9857335104533EDFB
M-INFO-101853 – Rationale Splines,5.0,../../campus/all/abstractModuleView.asp?gguid=0xC3FA42699E53D34FBAD5E34F42425EF0&camvguid=0x6BD41156D454EC46BBE43C3CECA51E5B&camvceid=CMPEL_8F5EF540&cafiguid=0xABA21F33AEEA4899BE1AB8E67083C2CB&tguid=0x40B784B43AED4CC9857335104533EDFB
M-INFO-101857 – Rationale Splines,3.0,../../campus/all/abstractModuleView.asp?gguid=0x072CA4C71E13254F9E1AE49AF8DFF167&camvguid=0x7012F379CD26B248808E0C3A34266ABC&camvceid=CMPEL_8F5EF540&cafiguid=0xABA21F33AEEA4899BE1AB8E67083C2CB&tguid=0x40B784B43AED4CC9857335104533EDFB
M-INFO-101863 – Unterteilungsalgorithmen,3.0,../../campus/all/abstractModuleView.asp?gguid=0x286D4EF4E656F647B0C2A7283BE91AB3&camvguid=0xAE6A0033CF0F004A99656659904C3F24&camvceid=CMPEL_8F5EF540&cafiguid=0xABA21F33AEEA4899BE1AB8E67083C2CB&tguid=0x40B784B43AED4CC9857335104533EDFB
M-INFO-101864 – Unterteilungsalgorithmen,5.0,../../campus/all/abstractModuleView.asp?gguid=0xD7DFB11DA2C4B045898A0F7979920D50&camvguid=0x15DA53C97EDFF042B85793BED3F30BAC&camvceid=CMPEL_8F5EF540&cafiguid=0xABA21F33AEEA4899BE1AB8E67083C2CB&tguid=0x40B784B43AED4CC9857335104533EDFB
M-INFO-101865 – Basispraktikum Arbeiten mit Datenbanksystemen,4.0,../../campus/all/abstractModuleView.asp?gguid=0x83F8E270B475FC48A6238D3017D1D325&camvguid=0xDB5BD7906D94467390DCC602FEC71892&camvceid=CMPEL_8F5EF540&cafiguid=0xABA21F33AEEA4899BE1AB8E67083C2CB&tguid=0x40B784B43AED4CC9857335104533EDFB
M-INFO-101880 – Seminar: Ubiquitäre Systeme,4.0,../../campus/all/abstractModuleView.asp?gguid=0xF1516A9346EAD344839DA1B7FD02F6AB&camvguid=0xBF1F5584A65957418A811B53CDB7F3D8&camvceid=CMPEL_8F5EF540&cafiguid=0xABA21F33AEEA4899BE1AB8E67083C2CB&tguid=0x40B784B43AED4CC9857335104533EDFB
M-INFO-101885 – Energieinformatik 1,5.0,../../campus/all/abstractModuleView.asp?gguid=0x80EC243504E4C74C98464F034227A2D1&camvguid=0x2016988283384856BCAA49245608770E&camvceid=CMPEL_8F5EF540&cafiguid=0xABA21F33AEEA4899BE1AB8E67083C2CB&tguid=0x40B784B43AED4CC9857335104533EDFB
M-INFO-101889 – Praktikum Praxis der Telematik,3.0,../../campus/all/abstractModuleView.asp?gguid=0x13E863B9283EF04CBA46A4F4B2B3095C&camvguid=0x0FF69306782E4D76B193645566E333DE&camvceid=CMPEL_8F5EF540&cafiguid=0xABA21F33AEEA4899BE1AB8E67083C2CB&tguid=0x40B784B43AED4CC9857335104533EDFB
M-INFO-101890 – Seminar Internet und Gesellschaft - gesellschaftliche Werte und technische Umsetzung,3.0,../../campus/all/abstractModuleView.asp?gguid=0xAF11BA8A90DAC74681958EBF2A78B880&camvguid=0x4A38EAB66C227744B748A4CA0AD60241&camvceid=CMPEL_8F5EF540&cafiguid=0xABA21F33AEEA4899BE1AB8E67083C2CB&tguid=0x40B784B43AED4CC9857335104533EDFB
M-INFO-101891 – Projektpraktikum: Softwarebasierte Netze,6.0,../../campus/all/abstractModuleView.asp?gguid=0xA7885AF0EBF41F4798193460456B2F3E&camvguid=0x4B4D6E2A4CEAA04084DC1424B8B07996&camvceid=CMPEL_8F5EF540&cafiguid=0xABA21F33AEEA4899BE1AB8E67083C2CB&tguid=0x40B784B43AED4CC9857335104533EDFB
M-INFO-102072 – Praktikum Algorithmentechnik,6.0,../../campus/all/abstractModuleView.asp?gguid=0x76EC7D71B95B9147A40867BA2484259C&camvguid=0x1741DFC1B1461B47910A74DC43A57F6A&camvceid=CMPEL_8F5EF540&cafiguid=0xABA21F33AEEA4899BE1AB8E67083C2CB&tguid=0x40B784B43AED4CC9857335104533EDFB
M-INFO-102092 – Praktikum Protocol Engineering,4.0,../../campus/all/abstractModuleView.asp?gguid=0xBB248A347AADD941AA9F9D27FBA277EC&camvguid=0xFD81D50722710E428CA58F7D4F1154FF&camvceid=CMPEL_8F5EF540&cafiguid=0xABA21F33AEEA4899BE1AB8E67083C2CB&tguid=0x40B784B43AED4CC9857335104533EDFB
M-INFO-102093 – Algorithmen für Ad-hoc- und Sensornetze,5.0,../../campus/all/abstractModuleView.asp?gguid=0xDADD7FB09304E14EA8686BF368531CF7&camvguid=0x3EA39DE9A156ED46A6675FEA9523DED1&camvceid=CMPEL_8F5EF540&cafiguid=0xABA21F33AEEA4899BE1AB8E67083C2CB&tguid=0x40B784B43AED4CC9857335104533EDFB
M-INFO-102094 – Algorithmen zur Visualisierung von Graphen,5.0,../../campus/all/abstractModuleView.asp?gguid=0xE64673B0BE10D241B032DE786922A70A&camvguid=0xC9E7F598277C5A48859E1F39E424E918&camvceid=CMPEL_8F5EF540&cafiguid=0xABA21F33AEEA4899BE1AB8E67083C2CB&tguid=0x40B784B43AED4CC9857335104533EDFB
M-INFO-102110 – Algorithmische Geometrie,6.0,../../campus/all/abstractModuleView.asp?gguid=0x5209947B0865E0428A350951FD46F2EF&camvguid=0xACBB5E42EACF4C09AF515FA3BFCAC404&camvceid=CMPEL_8F5EF540&cafiguid=0xABA21F33AEEA4899BE1AB8E67083C2CB&tguid=0x40B784B43AED4CC9857335104533EDFB
M-INFO-102139 – Seminar: Aktuelle Highlights der Algorithmentechnik,4.0,../../campus/all/abstractModuleView.asp?gguid=0x681BFEEF51FC3841BB198810D7663E48&camvguid=0x2D9BDAD98F2649499C3FC722B5131D2B&camvceid=CMPEL_8F5EF540&cafiguid=0xABA21F33AEEA4899BE1AB8E67083C2CB&tguid=0x40B784B43AED4CC9857335104533EDFB
M-INFO-102202 – Seminar: Algorithmische Geometrie und Graphenvisualisierung,4.0,../../campus/all/abstractModuleView.asp?gguid=0x03EF146FAD92974CA08C0579A07C7740&camvguid=0x2F039A9735AC7E4B802D9EA9DEC6B51C&camvceid=CMPEL_8F5EF540&cafiguid=0xABA21F33AEEA4899BE1AB8E67083C2CB&tguid=0x40B784B43AED4CC9857335104533EDFB
M-INFO-102212 – Seminar Intelligente Industrieroboter,3.0,../../campus/all/abstractModuleView.asp?gguid=0x57B7DF767C4D494B909D65A7245567AA&camvguid=0xC7E2FADF0727FE498829C886AD924BEF&camvceid=CMPEL_8F5EF540&cafiguid=0xABA21F33AEEA4899BE1AB8E67083C2CB&tguid=0x40B784B43AED4CC9857335104533EDFB
M-INFO-102224 – Projektpraktikum Robotik und Automation I (Software),6.0,../../campus/all/abstractModuleView.asp?gguid=0x7CC0F5845A5B4B429FF0FF725953039A&camvguid=0xD66E7CACCEB13E47AE3563E12009A14E&camvceid=CMPEL_8F5EF540&cafiguid=0xABA21F33AEEA4899BE1AB8E67083C2CB&tguid=0x40B784B43AED4CC9857335104533EDFB
M-INFO-102226 – Angewandte Differentialgeometrie mit Übung,5.0,../../campus/all/abstractModuleView.asp?gguid=0x2618F58075C8D34DAB82B2EDE62C4D89&camvguid=0xFBD40FE1DE2C4A48B9B744814C68BC3A&camvceid=CMPEL_8F5EF540&cafiguid=0xABA21F33AEEA4899BE1AB8E67083C2CB&tguid=0x40B784B43AED4CC9857335104533EDFB
M-INFO-102230 – Projektpraktikum Robotik und Automation II (Hardware) ,6.0,../../campus/all/abstractModuleView.asp?gguid=0x1A02BA72543FFD4DB5782F4AEA277D7B&camvguid=0x85527060B11B5F4593536F9313394A57&camvceid=CMPEL_8F5EF540&cafiguid=0xABA21F33AEEA4899BE1AB8E67083C2CB&tguid=0x40B784B43AED4CC9857335104533EDFB
M-INFO-102305 – Seminar: Von Big Data zu Data Science: Moderne Methoden der Informationsverarbeitung,3.0,../../campus/all/abstractModuleView.asp?gguid=0x05DA3780E3622D4AA189143F270498E6&camvguid=0x8846CEA3C716A948B01BFAB45B328836&camvceid=CMPEL_8F5EF540&cafiguid=0xABA21F33AEEA4899BE1AB8E67083C2CB&tguid=0x40B784B43AED4CC9857335104533EDFB
M-INFO-102353 – Praktikum Circuit Design with Intel Galileo,3.0,../../campus/all/abstractModuleView.asp?gguid=0x0849354EAA98574E868A301DAA484629&camvguid=0xC3BDA9E43D5FD64C9161425467D39C49&camvceid=CMPEL_8F5EF540&cafiguid=0xABA21F33AEEA4899BE1AB8E67083C2CB&tguid=0x40B784B43AED4CC9857335104533EDFB
M-INFO-102372 – Seminar: Serviceorientierte Architekturen,3.0,../../campus/all/abstractModuleView.asp?gguid=0x3B8D8C09A7E0E547881C248796D46036&camvguid=0x1CCDB75BE0B8C34EBB2AD1E9EA815B2B&camvceid=CMPEL_8F5EF540&cafiguid=0xABA21F33AEEA4899BE1AB8E67083C2CB&tguid=0x40B784B43AED4CC9857335104533EDFB
M-INFO-102373 – Seminar Computer Vision für Mensch-Maschine-Schnittstellen,3.0,../../campus/all/abstractModuleView.asp?gguid=0xD2F5F20CF78F344CAE9E52407C7A9A8E&camvguid=0x1B6A89076A110945BEEAB4E70B4DC350&camvceid=CMPEL_8F5EF540&cafiguid=0xABA21F33AEEA4899BE1AB8E67083C2CB&tguid=0x40B784B43AED4CC9857335104533EDFB
M-INFO-102375 – Seminar Bildauswertung und -fusion,3.0,../../campus/all/abstractModuleView.asp?gguid=0xCF40D441BB3B7145916A5E60D0CFC32E&camvguid=0x264B347F9D9160449F8BC7C6885983D5&camvceid=CMPEL_8F5EF540&cafiguid=0xABA21F33AEEA4899BE1AB8E67083C2CB&tguid=0x40B784B43AED4CC9857335104533EDFB
M-INFO-102383 – Projektpraktikum Bildauswertung und -fusion,6.0,../../campus/all/abstractModuleView.asp?gguid=0xFD7E1520F5B4A443A089591662F3A644&camvguid=0x3DB58DC256D84C4882F92DDDBC464BCC&camvceid=CMPEL_8F5EF540&cafiguid=0xABA21F33AEEA4899BE1AB8E67083C2CB&tguid=0x40B784B43AED4CC9857335104533EDFB
M-INFO-102400 – Algorithmische Methoden zur Netzwerkanalyse,5.0,../../campus/all/abstractModuleView.asp?gguid=0xF9DEA9937C075C498172FEB617E31931&camvguid=0x75A19BA14657534EB5CC27B0F09E7DF2&camvceid=CMPEL_8F5EF540&cafiguid=0xABA21F33AEEA4899BE1AB8E67083C2CB&tguid=0x40B784B43AED4CC9857335104533EDFB
M-INFO-102411 – Praktikum Automatische Spracherkennung,3.0,../../campus/all/abstractModuleView.asp?gguid=0x4A0C43220484934E8B3A63105825F204&camvguid=0xF377C6F21A20534DA6AEFE0CA1E6FA19&camvceid=CMPEL_8F5EF540&cafiguid=0xABA21F33AEEA4899BE1AB8E67083C2CB&tguid=0x40B784B43AED4CC9857335104533EDFB
M-INFO-102412 – Seminar: Neuronale Netze und künstliche Intelligenz ,3.0,../../campus/all/abstractModuleView.asp?gguid=0xC19F959A497C524FAE20E54605301D0D&camvguid=0x62FDAFBCC40D6445B75F7C7FAE712907&camvceid=CMPEL_8F5EF540&cafiguid=0xABA21F33AEEA4899BE1AB8E67083C2CB&tguid=0x40B784B43AED4CC9857335104533EDFB
M-INFO-102413 – Seminar: Multilinguale Spracherkennung,3.0,../../campus/all/abstractModuleView.asp?gguid=0xFFFB1BE3F0427944A8F4E2BB1636CA67&camvguid=0xF88BF5E34E3F494BB293FB9AE1901851&camvceid=CMPEL_8F5EF540&cafiguid=0xABA21F33AEEA4899BE1AB8E67083C2CB&tguid=0x40B784B43AED4CC9857335104533EDFB
M-INFO-102414 – Praktikum Natürlichsprachliche Dialogsysteme,6.0,../../campus/all/abstractModuleView.asp?gguid=0x1A016E27F26A174FB7C371F4F4E29920&camvguid=0x14FCA48E470844448681CBA0BA1C2E1E&camvceid=CMPEL_8F5EF540&cafiguid=0xABA21F33AEEA4899BE1AB8E67083C2CB&tguid=0x40B784B43AED4CC9857335104533EDFB
M-INFO-102416 – Seminar Sprach-zu-Sprach-Übersetzung,3.0,../../campus/all/abstractModuleView.asp?gguid=0xF5D4AFD17ABD0145BEEBDA91828CD936&camvguid=0x4B933C0CB3D76F428CB0187FC8C3F100&camvceid=CMPEL_8F5EF540&cafiguid=0xABA21F33AEEA4899BE1AB8E67083C2CB&tguid=0x40B784B43AED4CC9857335104533EDFB
M-INFO-102522 – Roboterpraktikum,6.0,../../campus/all/abstractModuleView.asp?gguid=0x3E9513559E8AA84884551203BDB9D81D&camvguid=0x1D0DC5C87E444FECBF2B7C537E047059&camvceid=CMPEL_8F5EF540&cafiguid=0xABA21F33AEEA4899BE1AB8E67083C2CB&tguid=0x40B784B43AED4CC9857335104533EDFB
M-INFO-102550 – Seminar: Graphenalgorithmen,4.0,../../campus/all/abstractModuleView.asp?gguid=0x36417782DC3ABF4F8C381FFCAD686D21&camvguid=0x5A9C8CAA3E1BCB4FB7BCD7FEE7861225&camvceid=CMPEL_8F5EF540&cafiguid=0xABA21F33AEEA4899BE1AB8E67083C2CB&tguid=0x40B784B43AED4CC9857335104533EDFB
M-INFO-102551 – Seminar: Algorithmische Methoden in der Anwendung,4.0,../../campus/all/abstractModuleView.asp?gguid=0x7C5017529FF2394799EA7A8903D25D2B&camvguid=0x6F967E2661DEDB46BBE9A51F9C5B6C08&camvceid=CMPEL_8F5EF540&cafiguid=0xABA21F33AEEA4899BE1AB8E67083C2CB&tguid=0x40B784B43AED4CC9857335104533EDFB
M-INFO-102555 – Motion in Human and Machine - Seminar,3.0,../../campus/all/abstractModuleView.asp?gguid=0x33CABBC0A091F342A68C305D6AE36E9D&camvguid=0xD20D6A042FB94EEF85C581328FDB6424&camvceid=CMPEL_8F5EF540&cafiguid=0xABA21F33AEEA4899BE1AB8E67083C2CB&tguid=0x40B784B43AED4CC9857335104533EDFB
M-INFO-102557 – Lego Mindstorms - Basispraktikum,4.0,../../campus/all/abstractModuleView.asp?gguid=0x6A81B1E20658714AB5C9C1EE1DED6A62&camvguid=0xCE96807424E34A1B90563FF8ED13CE9C&camvceid=CMPEL_8F5EF540&cafiguid=0xABA21F33AEEA4899BE1AB8E67083C2CB&tguid=0x40B784B43AED4CC9857335104533EDFB
M-INFO-102561 – Humanoide Roboter - Seminar,3.0,../../campus/all/abstractModuleView.asp?gguid=0x9BD46C0393CEB24E9E77254E8A45C494&camvguid=0x472686A6D6EEFB428505DE1BB647DA9D&camvceid=CMPEL_8F5EF540&cafiguid=0xABA21F33AEEA4899BE1AB8E67083C2CB&tguid=0x40B784B43AED4CC9857335104533EDFB
M-INFO-102570 – Praktikum: Digital Design &Test Automation Flow,3.0,../../campus/all/abstractModuleView.asp?gguid=0xDA75FD8EEA9DE24CA898D70546C09221&camvguid=0x90F37FE636C7FD4DA0B98D09E8A65A5F&camvceid=CMPEL_8F5EF540&cafiguid=0xABA21F33AEEA4899BE1AB8E67083C2CB&tguid=0x40B784B43AED4CC9857335104533EDFB
M-INFO-102661 – Praktikum FPGA Programming ,3.0,../../campus/all/abstractModuleView.asp?gguid=0xE335452A9BC1074EA0439320E95E2B0B&camvguid=0x3C436FD59ABE8F4896AD545CD0C0B31A&camvceid=CMPEL_8F5EF540&cafiguid=0xABA21F33AEEA4899BE1AB8E67083C2CB&tguid=0x40B784B43AED4CC9857335104533EDFB
M-INFO-102662 – Seminar Dependable Computing,3.0,../../campus/all/abstractModuleView.asp?gguid=0x6A2AE1A05B3A2943BDAA14CEA9C5450B&camvguid=0x227F5C50536A9C4DA2FD7D4C43FCC9E8&camvceid=CMPEL_8F5EF540&cafiguid=0xABA21F33AEEA4899BE1AB8E67083C2CB&tguid=0x40B784B43AED4CC9857335104533EDFB
M-INFO-102663 – Seminar Near Threshold Computing,3.0,../../campus/all/abstractModuleView.asp?gguid=0x359F54CA8B85544DACC5DBC79C6EA0CC&camvguid=0xABCFDF9CF52FE84CAC57CADDD8C6E1F0&camvceid=CMPEL_8F5EF540&cafiguid=0xABA21F33AEEA4899BE1AB8E67083C2CB&tguid=0x40B784B43AED4CC9857335104533EDFB
M-INFO-102665 – Compilerpraktikum,6.0,../../campus/all/abstractModuleView.asp?gguid=0x4347F6143EE8274F8E7679B9F256573F&camvguid=0x616A0788AA81984BBEAA9CE7E469B42B&camvceid=CMPEL_8F5EF540&cafiguid=0xABA21F33AEEA4899BE1AB8E67083C2CB&tguid=0x40B784B43AED4CC9857335104533EDFB
M-INFO-102725 – Seminar Advanced Topics in Machine Translation,3.0,../../campus/all/abstractModuleView.asp?gguid=0x5E248B1BBAA01F4C8150591D39FD3C8F&camvguid=0x21F49663D2F0C742A9563507808DA086&camvceid=CMPEL_8F5EF540&cafiguid=0xABA21F33AEEA4899BE1AB8E67083C2CB&tguid=0x40B784B43AED4CC9857335104533EDFB
M-INFO-102726 – Seminar Advanced Topics in Automatic Speech Recognition,3.0,../../campus/all/abstractModuleView.asp?gguid=0x931F30D4A99E0A408A14AB150C625590&camvguid=0x05EE0A452D71924D858A81EBED47D53F&camvceid=CMPEL_8F5EF540&cafiguid=0xABA21F33AEEA4899BE1AB8E67083C2CB&tguid=0x40B784B43AED4CC9857335104533EDFB
M-INFO-102729 – Seminar: Fortgeschrittene Algorithmen in der Computergrafik,3.0,../../campus/all/abstractModuleView.asp?gguid=0x377A9A119D2FBE4DBB966CF9F9486E5C&camvguid=0x1276B61F7FB9FD40B98111BA78D2DDBC&camvceid=CMPEL_8F5EF540&cafiguid=0xABA21F33AEEA4899BE1AB8E67083C2CB&tguid=0x40B784B43AED4CC9857335104533EDFB
M-INFO-102731 – Fortgeschrittene Datenstrukturen,5.0,../../campus/all/abstractModuleView.asp?gguid=0xD7227FBDD9AB8F4D9F3537B6A2F0C853&camvguid=0x2E2DBC84EBC54DA49FE3120E0181029C&camvceid=CMPEL_8F5EF540&cafiguid=0xABA21F33AEEA4899BE1AB8E67083C2CB&tguid=0x40B784B43AED4CC9857335104533EDFB
M-INFO-102756 – Robotik II - Humanoide Robotik,3.0,../../campus/all/abstractModuleView.asp?gguid=0x2C31C09D15CB774E80FEA70864E58743&camvguid=0x75AC25E6441849F1909F7F0CD611F5AF&camvceid=CMPEL_8F5EF540&cafiguid=0xABA21F33AEEA4899BE1AB8E67083C2CB&tguid=0x40B784B43AED4CC9857335104533EDFB
M-INFO-102961 – Seminar Non-volatile Memory Technologies,3.0,../../campus/all/abstractModuleView.asp?gguid=0x3CFEA6399995AF44884B8BA66D8E5FD1&camvguid=0x80B92421D7A3A44D9830747D6F03164F&camvceid=CMPEL_8F5EF540&cafiguid=0xABA21F33AEEA4899BE1AB8E67083C2CB&tguid=0x40B784B43AED4CC9857335104533EDFB
M-INFO-102962 – Testing Digital Systems II,3.0,../../campus/all/abstractModuleView.asp?gguid=0xCCD5E3C1983E714ABF0BDBA033D060FF&camvguid=0x166D5D79D1FDDB49974B723942496DDE&camvceid=CMPEL_8F5EF540&cafiguid=0xABA21F33AEEA4899BE1AB8E67083C2CB&tguid=0x40B784B43AED4CC9857335104533EDFB
M-INFO-102966 – Projektpraktikum Computer Vision für Mensch-Maschine-Interaktion,6.0,../../campus/all/abstractModuleView.asp?gguid=0x58C36842AE573A44ADA17FE098EFC2B1&camvguid=0xBAB22450F26A461ABBBE5CDCAAF11E1B&camvceid=CMPEL_8F5EF540&cafiguid=0xABA21F33AEEA4899BE1AB8E67083C2CB&tguid=0x40B784B43AED4CC9857335104533EDFB
M-INFO-102968 – Biometrische Systeme zur Personenerkennung,3.0,../../campus/all/abstractModuleView.asp?gguid=0x6AC1EB0186EBFE49BA08DFB55ABE1BE2&camvguid=0x0071F48DBC52394B995E093FF3C97067&camvceid=CMPEL_8F5EF540&cafiguid=0xABA21F33AEEA4899BE1AB8E67083C2CB&tguid=0x40B784B43AED4CC9857335104533EDFB
M-INFO-102998 – Softwarepraktikum Parallele Numerik,6.0,../../campus/all/abstractModuleView.asp?gguid=0x0475C2FC7CF8474DA4C6D191B1C5D2E0&camvguid=0x933855C8B8024D4A93EDA49ED517CC01&camvceid=CMPEL_8F5EF540&cafiguid=0xABA21F33AEEA4899BE1AB8E67083C2CB&tguid=0x40B784B43AED4CC9857335104533EDFB
M-INFO-103044 – Energieinformatik 2,5.0,../../campus/all/abstractModuleView.asp?gguid=0xE171A8FE39467A44AA4882B2B7AF8CC7&camvguid=0x0B27C758A9BD46F784253CFF89E0F1C9&camvceid=CMPEL_8F5EF540&cafiguid=0xABA21F33AEEA4899BE1AB8E67083C2CB&tguid=0x40B784B43AED4CC9857335104533EDFB
M-INFO-103047 – Praktikum Dezentrale Systeme und Netzdienste,4.0,../../campus/all/abstractModuleView.asp?gguid=0x757ACDF6ACDCE343A08209A8BC396975&camvguid=0xD282031B3DAD1544A7545F058F3A227B&camvceid=CMPEL_8F5EF540&cafiguid=0xABA21F33AEEA4899BE1AB8E67083C2CB&tguid=0x40B784B43AED4CC9857335104533EDFB
M-INFO-103048 – Seminar Dezentrale Systeme und Netzdienste,3.0,../../campus/all/abstractModuleView.asp?gguid=0xFB9516AA13943C48A195A2672F36E4CF&camvguid=0xF6ED89F2D1D0E54CA3B20EC7402EC574&camvceid=CMPEL_8F5EF540&cafiguid=0xABA21F33AEEA4899BE1AB8E67083C2CB&tguid=0x40B784B43AED4CC9857335104533EDFB
M-INFO-103062 – Seminar Ausgewählte Kapitel der Rechnerarchitektur,3.0,../../campus/all/abstractModuleView.asp?gguid=0xFF32FABE89104E15B27B3B9D8487A76B&camvguid=0x4826EED62CCB435589BDC07DA47E4E38&camvceid=CMPEL_8F5EF540&cafiguid=0xABA21F33AEEA4899BE1AB8E67083C2CB&tguid=0x40B784B43AED4CC9857335104533EDFB
M-INFO-103078 – Seminar:  Designing and Conducting Experimental Studies,4.0,../../campus/all/abstractModuleView.asp?gguid=0xC71A11F22AA3408CA876A6F007E65862&camvguid=0xBE78003133BF43B68AB602B1205536D8&camvceid=CMPEL_8F5EF540&cafiguid=0xABA21F33AEEA4899BE1AB8E67083C2CB&tguid=0x40B784B43AED4CC9857335104533EDFB
M-INFO-103143 – Praktikum:  Neuronale Netze - Praktische Übungen,3.0,../../campus/all/abstractModuleView.asp?gguid=0xBDAD07F994D4468CB7A50E172D2711BB&camvguid=0xA03419DD8BA4460394A8E7396B7670DB&camvceid=CMPEL_8F5EF540&cafiguid=0xABA21F33AEEA4899BE1AB8E67083C2CB&tguid=0x40B784B43AED4CC9857335104533EDFB
M-INFO-103153 – Seminar: Energieinformatik,4.0,../../campus/all/abstractModuleView.asp?gguid=0x7680FB32453E47DC8B7EB11B1B57D8D7&camvguid=0x5A48E52C12BB42A3BAC6166696D37EA2&camvceid=CMPEL_8F5EF540&cafiguid=0xABA21F33AEEA4899BE1AB8E67083C2CB&tguid=0x40B784B43AED4CC9857335104533EDFB
M-INFO-103166 – Praktikum Anwendungssicherheit,4.0,../../campus/all/abstractModuleView.asp?gguid=0xFC07F01A6E0845E4B5B2714485C38E31&camvguid=0x85A31F95D9944E6889989E8B7D0D0CAC&camvceid=CMPEL_8F5EF540&cafiguid=0xABA21F33AEEA4899BE1AB8E67083C2CB&tguid=0x40B784B43AED4CC9857335104533EDFB
M-INFO-103235 – Praktikum: Smart Data Analytics,6.0,../../campus/all/abstractModuleView.asp?gguid=0x23E7EBAE98444889A08B6B1354B1F86A&camvguid=0x9873CA0EE34C4734BB75DF809CC1205C&camvceid=CMPEL_8F5EF540&cafiguid=0xABA21F33AEEA4899BE1AB8E67083C2CB&tguid=0x40B784B43AED4CC9857335104533EDFB
M-INFO-103294 – Anziehbare Robotertechnologien,4.0,../../campus/all/abstractModuleView.asp?gguid=0x47354A056DFC4F08B6AB0B551940EE9C&camvguid=0x7B0855C40FB64EA7BC098C7BDC4C9B69&camvceid=CMPEL_8F5EF540&cafiguid=0xABA21F33AEEA4899BE1AB8E67083C2CB&tguid=0x40B784B43AED4CC9857335104533EDFB
"M-INFO-103301 – Seminar Software-Architektur, Sicherheit und Datenschutz",3.0,../../campus/all/abstractModuleView.asp?gguid=0x65E46E4B2BC44B598FCB9464D8B68B3B&camvguid=0x2669F11C8C734A649F8A7FF90F8AF68F&camvceid=CMPEL_8F5EF540&cafiguid=0xABA21F33AEEA4899BE1AB8E67083C2CB&tguid=0x40B784B43AED4CC9857335104533EDFB
M-INFO-103302 – Praktikum: Graphenvisualisierung in der Praxis,5.0,../../campus/all/abstractModuleView.asp?gguid=0x0B7A5C6627DD45F286B4BB9E6B7FCE00&camvguid=0x81E4A3CBEA0446E9BD8F9AE5AB8224F2&camvceid=CMPEL_8F5EF540&cafiguid=0xABA21F33AEEA4899BE1AB8E67083C2CB&tguid=0x40B784B43AED4CC9857335104533EDFB
M-INFO-103306 – Seminar: Proofs from THE BOOK,3.0,../../campus/all/abstractModuleView.asp?gguid=0x19D40CCBD7F14840BB62CC9E98F5FFD2&camvguid=0x88B76AF8EFE14C669061C1329BAAD43A&camvceid=CMPEL_8F5EF540&cafiguid=0xABA21F33AEEA4899BE1AB8E67083C2CB&tguid=0x40B784B43AED4CC9857335104533EDFB
M-INFO-103367 – Seminar: Eingebettete Systeme II,3.0,../../campus/all/abstractModuleView.asp?gguid=0x1AA964A4DA3642A5A65435FAE273621B&camvguid=0xC87068264C7F4B31890252A0785C8BFC&camvceid=CMPEL_8F5EF540&cafiguid=0xABA21F33AEEA4899BE1AB8E67083C2CB&tguid=0x40B784B43AED4CC9857335104533EDFB
M-INFO-103506 – Praktikum: Effizientes paralleles C++ ,6.0,../../campus/all/abstractModuleView.asp?gguid=0xF80E7D63718C4D6AB24D779D106FAEA3&camvguid=0x87184FA7DEC146709DAF8E5563E5DF63&camvceid=CMPEL_8F5EF540&cafiguid=0xABA21F33AEEA4899BE1AB8E67083C2CB&tguid=0x40B784B43AED4CC9857335104533EDFB
M-INFO-103706 – Praktikum: Internet of Things (IoT),4.0,../../campus/all/abstractModuleView.asp?gguid=0x030DF1F2C88B4E3AB80FE8419EC9A39F&camvguid=0x11126ADB14074F01965244B8754C1A57&camvceid=CMPEL_8F5EF540&cafiguid=0xABA21F33AEEA4899BE1AB8E67083C2CB&tguid=0x40B784B43AED4CC9857335104533EDFB
M-INFO-103807 – Seminar Kryptographie 2,3.0,../../campus/all/abstractModuleView.asp?gguid=0xAB1C78378D174A6EA0FBD4DF4514A5AD&camvguid=0xCF7D6B5E32E642CD8B4E2BF4BCB15F57&camvceid=CMPEL_8F5EF540&cafiguid=0xABA21F33AEEA4899BE1AB8E67083C2CB&tguid=0x40B784B43AED4CC9857335104533EDFB
M-INFO-104031 – Praktikum: Low Power Design and Embedded Systems,4.0,../../campus/all/abstractModuleView.asp?gguid=0x5991373259B542F1B7F00C9638724689&camvguid=0xFC8F192C27B84D9EB5A4DF9F64599EE8&camvceid=CMPEL_8F5EF540&cafiguid=0xABA21F33AEEA4899BE1AB8E67083C2CB&tguid=0x40B784B43AED4CC9857335104533EDFB
M-INFO-104032 – Seminar Sicherheit 2,3.0,../../campus/all/abstractModuleView.asp?gguid=0x9FBE427BC20E4531B363A02BF2DB6108&camvguid=0xB8D63D9E580F4811BB5D581A5CC61E8A&camvceid=CMPEL_8F5EF540&cafiguid=0xABA21F33AEEA4899BE1AB8E67083C2CB&tguid=0x40B784B43AED4CC9857335104533EDFB
M-INFO-104045 – Datenschutz von Anonymisierung bis Zugriffskontrolle,3.0,../../campus/all/abstractModuleView.asp?gguid=0x78175AEF66384879BA1C7AB78841552F&camvguid=0xB1F0E74E6B024FAB985E8462F11FF007&camvceid=CMPEL_8F5EF540&cafiguid=0xABA21F33AEEA4899BE1AB8E67083C2CB&tguid=0x40B784B43AED4CC9857335104533EDFB
M-INFO-104072 – Projektpraktikum Heterogeneous Computing,6.0,../../campus/all/abstractModuleView.asp?gguid=0x0B12FE64B4B949C9BAA1010191D172A4&camvguid=0x2468F3783240476CB081FA8C76A8486B&camvceid=CMPEL_8F5EF540&cafiguid=0xABA21F33AEEA4899BE1AB8E67083C2CB&tguid=0x40B784B43AED4CC9857335104533EDFB
M-INFO-104254 – Praktikum: Ingenieursmäßige Software-Entwicklung,6.0,../../campus/all/abstractModuleView.asp?gguid=0x9C4D50CE82754913A2E69ED20024E371&camvguid=0xF5CACC1BC23D4A8592E7FF7C033D63B6&camvceid=CMPEL_8F5EF540&cafiguid=0xABA21F33AEEA4899BE1AB8E67083C2CB&tguid=0x40B784B43AED4CC9857335104533EDFB
M-INFO-104357 – Praktische Einführung in die Hardware Sicherheit,6.0,../../campus/all/abstractModuleView.asp?gguid=0x064B3E7F728242B2A58620BA360D11E0&camvguid=0x22A9F60EFE50415B8E51F9ED0353A8B0&camvceid=CMPEL_8F5EF540&cafiguid=0xABA21F33AEEA4899BE1AB8E67083C2CB&tguid=0x40B784B43AED4CC9857335104533EDFB
M-INFO-104447 – Automated Planning and Scheduling,5.0,../../campus/all/abstractModuleView.asp?gguid=0x16E361D16BDF4833AFA53C404B756725&camvguid=0xD440DB5E400D4CACAFEB17DAC1C2A127&camvceid=CMPEL_8F5EF540&cafiguid=0xABA21F33AEEA4899BE1AB8E67083C2CB&tguid=0x40B784B43AED4CC9857335104533EDFB
M-INFO-104460 – Deep Learning und Neuronale Netze,6.0,../../campus/all/abstractModuleView.asp?gguid=0x042EF637012744F6B0B46FFB29E50A36&camvguid=0xD30C3F7D04FF4EA6A59E968607B4D9B1&camvceid=CMPEL_8F5EF540&cafiguid=0xABA21F33AEEA4899BE1AB8E67083C2CB&tguid=0x40B784B43AED4CC9857335104533EDFB
M-INFO-104699 – Praktikum: Aktuelle Forschungsthemen der Computergrafik,6.0,../../campus/all/abstractModuleView.asp?gguid=0x3CA0C587C6B34BF4AF8D9B92B1395E19&camvguid=0xDDC83DA3D6CB4D1B8F4192A2CB1CDB1E&camvceid=CMPEL_8F5EF540&cafiguid=0xABA21F33AEEA4899BE1AB8E67083C2CB&tguid=0x40B784B43AED4CC9857335104533EDFB
M-INFO-104877 – Sichere Mensch-Roboter-Kollaboration,3.0,../../campus/all/abstractModuleView.asp?gguid=0x18EA8D02C0394FF497902F4B7FDAF8D4&camvguid=0xABE35E7AA6054B179B39D6B74F4EFB41&camvceid=CMPEL_8F5EF540&cafiguid=0xABA21F33AEEA4899BE1AB8E67083C2CB&tguid=0x40B784B43AED4CC9857335104533EDFB
M-INFO-104891 – Seminar: Hot Topics in Decentralized Systems,3.0,../../campus/all/abstractModuleView.asp?gguid=0x18D3D0492C084DA18928CB2666020A04&camvguid=0xFA2089B2567E4222BC73FE03B9EE1FC9&camvceid=CMPEL_8F5EF540&cafiguid=0xABA21F33AEEA4899BE1AB8E67083C2CB&tguid=0x40B784B43AED4CC9857335104533EDFB
M-INFO-104892 – Angewandte Differentialgeometrie ,3.0,../../campus/all/abstractModuleView.asp?gguid=0xBAACFFA72EC9455E9B440AC3C13315FF&camvguid=0x0004F326790E4CD0B2D039BDC070032B&camvceid=CMPEL_8F5EF540&cafiguid=0xABA21F33AEEA4899BE1AB8E67083C2CB&tguid=0x40B784B43AED4CC9857335104533EDFB
M-INFO-104893 – Praktikum: Werkzeuge für Agile Modellierung,6.0,../../campus/all/abstractModuleView.asp?gguid=0x7B244CBFF95C4DE8A4958D3BA48058F0&camvguid=0x090E945B3AB2482FB6F08BCE68B270EF&camvceid=CMPEL_8F5EF540&cafiguid=0xABA21F33AEEA4899BE1AB8E67083C2CB&tguid=0x40B784B43AED4CC9857335104533EDFB
M-INFO-104894 – Reinforcement Learning und neuronale Netze in der Robotik,3.0,../../campus/all/abstractModuleView.asp?gguid=0x8D0F98D930D446F6A5D525EE4ABAB6B3&camvguid=0x6A34411CDD3747F3B0DFC2DFB7A33A12&camvceid=CMPEL_8F5EF540&cafiguid=0xABA21F33AEEA4899BE1AB8E67083C2CB&tguid=0x40B784B43AED4CC9857335104533EDFB
M-INFO-104895 – Praktikum: Penetration Testing,4.0,../../campus/all/abstractModuleView.asp?gguid=0x5299F1B716BE4F21954FFC2FC73A7D78&camvguid=0x2295037F7E864469ADFF99FFFF10401F&camvceid=CMPEL_8F5EF540&cafiguid=0xABA21F33AEEA4899BE1AB8E67083C2CB&tguid=0x40B784B43AED4CC9857335104533EDFB
M-INFO-104896 – Seminar: Kann Statistik Ursachen beweisen?,3.0,../../campus/all/abstractModuleView.asp?gguid=0x55E75222EE8142A38F531B4D0F27E73C&camvguid=0xA2965104236843AF999F7E4C7757CF37&camvceid=CMPEL_8F5EF540&cafiguid=0xABA21F33AEEA4899BE1AB8E67083C2CB&tguid=0x40B784B43AED4CC9857335104533EDFB
M-INFO-104897 – Robotik III – Sensoren und Perzeption in der Robotik,3.0,../../campus/all/abstractModuleView.asp?gguid=0x2A8D2B6669594055A1BBF70800C2715C&camvguid=0x2A6FB9467C3C408D9898FC7122586D23&camvceid=CMPEL_8F5EF540&cafiguid=0xABA21F33AEEA4899BE1AB8E67083C2CB&tguid=0x40B784B43AED4CC9857335104533EDFB
M-INFO-104941 – Seminar: Fairness und Diskriminierungsfreiheit aus Sicht von Ethik und Informatik,3.0,../../campus/all/abstractModuleView.asp?gguid=0xAC28662BCA5D4B5AB9FD068FCDC0FAE8&camvguid=0x5466323E4FB94F04B2C22535E2825F92&camvceid=CMPEL_8F5EF540&cafiguid=0xABA21F33AEEA4899BE1AB8E67083C2CB&tguid=0x40B784B43AED4CC9857335104533EDFB
M-INFO-105117 – Seminar: Advanced Topics in Continual / Organic Machine Learning,3.0,../../campus/all/abstractModuleView.asp?gguid=0xAFAEF236536C4BE4AB57E6C17BF9F20F&camvguid=0xEE884100E12C4B73836036FA27A55A79&camvceid=CMPEL_8F5EF540&cafiguid=0xABA21F33AEEA4899BE1AB8E67083C2CB&tguid=0x40B784B43AED4CC9857335104533EDFB
M-INFO-105224 – Seminar Privacy und Technischer Datenschutz,4.0,../../campus/all/abstractModuleView.asp?gguid=0x23735C574D684764B3BA71015347D607&camvguid=0x19EB7257AE6A414FB270BA4F4BA1FFEA&camvceid=CMPEL_8F5EF540&cafiguid=0xABA21F33AEEA4899BE1AB8E67083C2CB&tguid=0x40B784B43AED4CC9857335104533EDFB
M-INFO-105309 – Seminar: Continuous Software Engineering,3.0,../../campus/all/abstractModuleView.asp?gguid=0x43A523DC48624B4B97AA7A6EBD2415E7&camvguid=0x057B0C9FDF8449FD8051B66B8B5604FF&camvceid=CMPEL_8F5EF540&cafiguid=0xABA21F33AEEA4899BE1AB8E67083C2CB&tguid=0x40B784B43AED4CC9857335104533EDFB
M-INFO-105311 – Konzepte zur Verarbeitung geometrischer Daten,5.0,../../campus/all/abstractModuleView.asp?gguid=0xE3AAE481954446B2B7D97107684A7511&camvguid=0x142C266A19EF4FD9BF2BE7C6C8E85710&camvceid=CMPEL_8F5EF540&cafiguid=0xABA21F33AEEA4899BE1AB8E67083C2CB&tguid=0x40B784B43AED4CC9857335104533EDFB
M-INFO-105328 – Seminar: Informatik TECO,3.0,../../campus/all/abstractModuleView.asp?gguid=0x65E5F5BBFB8947A3863C3B41DC444A40&camvguid=0xF280121192CC44308432E24134CFA400&camvceid=CMPEL_8F5EF540&cafiguid=0xABA21F33AEEA4899BE1AB8E67083C2CB&tguid=0x40B784B43AED4CC9857335104533EDFB
M-INFO-105329 – Optimization Methods for Machine Learning and Engineering,5.0,../../campus/all/abstractModuleView.asp?gguid=0x31E90D60F4CE434B810FBE452C9ED06C&camvguid=0x377B0AB89C204EF8B561B95913274CD1&camvceid=CMPEL_8F5EF540&cafiguid=0xABA21F33AEEA4899BE1AB8E67083C2CB&tguid=0x40B784B43AED4CC9857335104533EDFB
M-INFO-105330 – Seminar: Scalable Parallel Graph Algorithms,4.0,../../campus/all/abstractModuleView.asp?gguid=0x2B97CC0A26454D1AB4A09D44D807E80C&camvguid=0x1B7F17CCE2514006A909BECFA836E26B&camvceid=CMPEL_8F5EF540&cafiguid=0xABA21F33AEEA4899BE1AB8E67083C2CB&tguid=0x40B784B43AED4CC9857335104533EDFB
M-INFO-105333 – Edge-AI in Software- und Sensor-Anwendungen,3.0,../../campus/all/abstractModuleView.asp?gguid=0xB50DF6B6174C4DCAA5AA8EA917D8DF60&camvguid=0x82439D6A3F7D4842A28EEDBB38B77B0E&camvceid=CMPEL_8F5EF540&cafiguid=0xABA21F33AEEA4899BE1AB8E67083C2CB&tguid=0x40B784B43AED4CC9857335104533EDFB
"M-INFO-105334 – Decentralized Systems: Fundamentals, Modeling, and Applications",6.0,../../campus/all/abstractModuleView.asp?gguid=0x85545BB9B60F4BF082DC892ECD643C63&camvguid=0x7DC6D82835874F559864105F5D588C66&camvceid=CMPEL_8F5EF540&cafiguid=0xABA21F33AEEA4899BE1AB8E67083C2CB&tguid=0x40B784B43AED4CC9857335104533EDFB
M-INFO-105337 – Seminar: Kryptoanalyse,3.0,../../campus/all/abstractModuleView.asp?gguid=0xEEE59629D1CF46688A2E6BEDFDB41C8A&camvguid=0xB97FDAAF6F3B44DD8F533BDB12B1F505&camvceid=CMPEL_8F5EF540&cafiguid=0xABA21F33AEEA4899BE1AB8E67083C2CB&tguid=0x40B784B43AED4CC9857335104533EDFB
M-INFO-105338 – Authentisierung und Verschlüsselung,4.0,../../campus/all/abstractModuleView.asp?gguid=0x681A30979A534C7FBC7F084ACC43FB7C&camvguid=0x811BA1B1AC8144CE842CF2F2A5F3C995&camvceid=CMPEL_8F5EF540&cafiguid=0xABA21F33AEEA4899BE1AB8E67083C2CB&tguid=0x40B784B43AED4CC9857335104533EDFB
M-INFO-105376 – Maschinelles Lernen für die Computersicherheit,5.0,../../campus/all/abstractModuleView.asp?gguid=0xB7E57E0252194B8CB309D76C580C7F03&camvguid=0x7EC7E7ACA6944A3E89176E71AC10B4B6&camvceid=CMPEL_8F5EF540&cafiguid=0xABA21F33AEEA4899BE1AB8E67083C2CB&tguid=0x40B784B43AED4CC9857335104533EDFB
M-INFO-105378 – Forschungspraktikum Autonome Lernende Roboter,6.0,../../campus/all/abstractModuleView.asp?gguid=0xE3C3C4C95804493EB6232A1A6E3220DE&camvguid=0xCDA95AD47297422DBA71C94E1FCC3936&camvceid=CMPEL_8F5EF540&cafiguid=0xABA21F33AEEA4899BE1AB8E67083C2CB&tguid=0x40B784B43AED4CC9857335104533EDFB
M-INFO-105379 – Seminar: Robot Reinforcement Learning,3.0,../../campus/all/abstractModuleView.asp?gguid=0x7AB395C463864F44880709D0B38B9C57&camvguid=0xDB867F84ADFE495A991F5A3162CBFE39&camvceid=CMPEL_8F5EF540&cafiguid=0xABA21F33AEEA4899BE1AB8E67083C2CB&tguid=0x40B784B43AED4CC9857335104533EDFB
M-INFO-105384 – Praktikum: Graphics and Game Development,6.0,../../campus/all/abstractModuleView.asp?gguid=0x069B5404ECFC4820B942563CBA9023FC&camvguid=0xA2E31875FB9144DEBD9E0DADF3A01B60&camvceid=CMPEL_8F5EF540&cafiguid=0xABA21F33AEEA4899BE1AB8E67083C2CB&tguid=0x40B784B43AED4CC9857335104533EDFB
M-INFO-105408 – Seminar: Quantum Information Theory,3.0,../../campus/all/abstractModuleView.asp?gguid=0xC9478BE6E8464496A3D6BDFC8DA44FAA&camvguid=0xA0478BA7A1784F25B26D46DFC835387C&camvceid=CMPEL_8F5EF540&cafiguid=0xABA21F33AEEA4899BE1AB8E67083C2CB&tguid=0x40B784B43AED4CC9857335104533EDFB
M-INFO-105409 – Seminar: E-Voting,3.0,../../campus/all/abstractModuleView.asp?gguid=0xD103ACD9A517442185544400BF0FD067&camvguid=0x08D6D9F6CF6C42DCB9272A5C11EB36E8&camvceid=CMPEL_8F5EF540&cafiguid=0xABA21F33AEEA4899BE1AB8E67083C2CB&tguid=0x40B784B43AED4CC9857335104533EDFB
M-INFO-105413 – Forschungspraktikum Netzsicherheit,3.0,../../campus/all/abstractModuleView.asp?gguid=0xFECE4DB2FDCA49DC8ADEB63F98691A26&camvguid=0x6CA16967F901459B99C4913C3804CC62&camvceid=CMPEL_8F5EF540&cafiguid=0xABA21F33AEEA4899BE1AB8E67083C2CB&tguid=0x40B784B43AED4CC9857335104533EDFB
M-INFO-105452 – Privacy Enhancing Technologies,6.0,../../campus/all/abstractModuleView.asp?gguid=0xFA3C6B58F24D421AA17FA9E815CB4ECB&camvguid=0x3CCEE23FD97A47E3ABC721FFFBDFD78C&camvceid=CMPEL_8F5EF540&cafiguid=0xABA21F33AEEA4899BE1AB8E67083C2CB&tguid=0x40B784B43AED4CC9857335104533EDFB
"M-INFO-105453 – Praktikum: Security, Usability and Society",4.0,../../campus/all/abstractModuleView.asp?gguid=0x8C8B059E18C24D2CA245F607A9428A5D&camvguid=0xC3BC62B6E8AE4E36BB4C1B22C8990BCE&camvceid=CMPEL_8F5EF540&cafiguid=0xABA21F33AEEA4899BE1AB8E67083C2CB&tguid=0x40B784B43AED4CC9857335104533EDFB
M-INFO-105471 – Software-Produktlinien-Entwicklung,3.0,../../campus/all/abstractModuleView.asp?gguid=0xF9317CE93A7347A2A3EB93FCDA4B9DD8&camvguid=0x77F556E963F746B18F8694E1364CFE97&camvceid=CMPEL_8F5EF540&cafiguid=0xABA21F33AEEA4899BE1AB8E67083C2CB&tguid=0x40B784B43AED4CC9857335104533EDFB
M-INFO-105480 – Forschungspraktikum Deep Learning in der Robotik,6.0,../../campus/all/abstractModuleView.asp?gguid=0xFC406A133BA94CC390C5F9C29E929367&camvguid=0x3DC50FDCE1B1400CB5793F0681D7E01C&camvceid=CMPEL_8F5EF540&cafiguid=0xABA21F33AEEA4899BE1AB8E67083C2CB&tguid=0x40B784B43AED4CC9857335104533EDFB
M-INFO-105493 – Praktikum: Intelligente Systemsicherheit,4.0,../../campus/all/abstractModuleView.asp?gguid=0x2F91BD6D4C8648FD9B11A9979849C657&camvguid=0x600055C82AA248518B1B6CDB344971CA&camvceid=CMPEL_8F5EF540&cafiguid=0xABA21F33AEEA4899BE1AB8E67083C2CB&tguid=0x40B784B43AED4CC9857335104533EDFB
M-INFO-105494 – Praktikum: Intelligente Datenanalyse (Datalab),4.0,../../campus/all/abstractModuleView.asp?gguid=0xCBFE83D551A249FABF13F95866232680&camvguid=0x3EA1293E55684273BDC386BA8F25775C&camvceid=CMPEL_8F5EF540&cafiguid=0xABA21F33AEEA4899BE1AB8E67083C2CB&tguid=0x40B784B43AED4CC9857335104533EDFB
M-INFO-105495 – Praktikum: Biologisch Motivierte Roboter,6.0,../../campus/all/abstractModuleView.asp?gguid=0x484AC00223284822B978457D699E97B8&camvguid=0xAA89BB3C09324874A7DD33480D1F3DEA&camvceid=CMPEL_8F5EF540&cafiguid=0xABA21F33AEEA4899BE1AB8E67083C2CB&tguid=0x40B784B43AED4CC9857335104533EDFB
M-INFO-105496 – Beating the Worst Case in Practice: Unerwartet effiziente Algorithmen,3.0,../../campus/all/abstractModuleView.asp?gguid=0xCEF09F25014347FBB79AFD87D5245A37&camvguid=0xBD7997D39732490DB5A447F2CBB171FD&camvceid=CMPEL_8F5EF540&cafiguid=0xABA21F33AEEA4899BE1AB8E67083C2CB&tguid=0x40B784B43AED4CC9857335104533EDFB
M-INFO-105630 – Maschinelles Lernen für die Naturwissenschaften mit Übung,6.0,../../campus/all/abstractModuleView.asp?gguid=0x3F3B1618B9904B1D929FB1B67C51ED5F&camvguid=0x74BE2B75625847D28FCC80B6FF949C80&camvceid=CMPEL_8F5EF540&cafiguid=0xABA21F33AEEA4899BE1AB8E67083C2CB&tguid=0x40B784B43AED4CC9857335104533EDFB
M-INFO-105632 – Praktikum: Data Science,6.0,../../campus/all/abstractModuleView.asp?gguid=0x778C4B2E64BC4263A38F6521E8D01912&camvguid=0xC96D745BBECE4AE186A37D03DA3EB5FB&camvceid=CMPEL_8F5EF540&cafiguid=0xABA21F33AEEA4899BE1AB8E67083C2CB&tguid=0x40B784B43AED4CC9857335104533EDFB
M-INFO-105724 – Datenbankfunktionalität in der Cloud,5.0,../../campus/all/abstractModuleView.asp?gguid=0xBFBC620EFDB7479D9ADCAEE1E543C7DA&camvguid=0x84D234B1D8C34BF3BE7F8D45B6319866&camvceid=CMPEL_8F5EF540&cafiguid=0xABA21F33AEEA4899BE1AB8E67083C2CB&tguid=0x40B784B43AED4CC9857335104533EDFB
M-INFO-105740 – Praktikum: Entwurf von applikationsspezifischen eingebetteten Prozessoren,4.0,../../campus/all/abstractModuleView.asp?gguid=0xA55E6E910A644166B1CF69208BCC3798&camvguid=0x8ABB95D3BB644114A789F37FC3F4AB4B&camvceid=CMPEL_8F5EF540&cafiguid=0xABA21F33AEEA4899BE1AB8E67083C2CB&tguid=0x40B784B43AED4CC9857335104533EDFB
M-INFO-105753 – Deep Learning für Computer Vision I: Grundlagen,3.0,../../campus/all/abstractModuleView.asp?gguid=0x52056AB13A6244D5B847A2A389332C56&camvguid=0x7630CB301AA54D99A2FAFF727E0A111A&camvceid=CMPEL_8F5EF540&cafiguid=0xABA21F33AEEA4899BE1AB8E67083C2CB&tguid=0x40B784B43AED4CC9857335104533EDFB
M-INFO-105755 – Deep Learning für Computer Vision II: Fortgeschrittene Themen,3.0,../../campus/all/abstractModuleView.asp?gguid=0x2E2EB9583FF94FFAB73FA96CC73B98DB&camvguid=0x7E30146D83564FB986C99F0CD74EADB6&camvceid=CMPEL_8F5EF540&cafiguid=0xABA21F33AEEA4899BE1AB8E67083C2CB&tguid=0x40B784B43AED4CC9857335104533EDFB
M-INFO-105778 – Maschinelles Lernen - Grundlagen und Algorithmen,5.0,../../campus/all/abstractModuleView.asp?gguid=0xB23C87B183724AAF9736DAACB1A5CE52&camvguid=0xDD615DB77A0C4864B2FD61C41B07FE92&camvceid=CMPEL_8F5EF540&cafiguid=0xABA21F33AEEA4899BE1AB8E67083C2CB&tguid=0x40B784B43AED4CC9857335104533EDFB
M-INFO-105779 – Seminar: Deep Learning in der Robotik,3.0,../../campus/all/abstractModuleView.asp?gguid=0x4244F381516B4960B5F85D9E08BAC47F&camvguid=0x156733CE60744DB79CF725647DD7EEB2&camvceid=CMPEL_8F5EF540&cafiguid=0xABA21F33AEEA4899BE1AB8E67083C2CB&tguid=0x40B784B43AED4CC9857335104533EDFB
M-INFO-105799 – Data Science 1,5.0,../../campus/all/abstractModuleView.asp?gguid=0x70214364347D4D578A0A1C614D6E57C2&camvguid=0x382E95CBE1084247991FB336486B568C&camvceid=CMPEL_8F5EF540&cafiguid=0xABA21F33AEEA4899BE1AB8E67083C2CB&tguid=0x40B784B43AED4CC9857335104533EDFB
M-INFO-105801 – Data Science 2,3.0,../../campus/all/abstractModuleView.asp?gguid=0xF85238A634534637AB616DB0A7D7F2C4&camvguid=0x5D70696947954A939FD7B9A528CF7748&camvceid=CMPEL_8F5EF540&cafiguid=0xABA21F33AEEA4899BE1AB8E67083C2CB&tguid=0x40B784B43AED4CC9857335104533EDFB
M-INFO-105792 – Projektpraktikum: Humanoide Roboter,6.0,../../campus/all/abstractModuleView.asp?gguid=0x628FF1EE46634FF397D2DB2B7C0A2E86&camvguid=0xC2522DA40F2041F3BCEE2C307CA8E5F0&camvceid=CMPEL_8F5EF540&cafiguid=0xABA21F33AEEA4899BE1AB8E67083C2CB&tguid=0x40B784B43AED4CC9857335104533EDFB
"M-INFO-105870 – Praktikum: Advanced Topics in High Performance Computing, Data Management and Analytics",6.0,../../campus/all/abstractModuleView.asp?gguid=0xC981C979FC4B4AABB44B06F52D839A0B&camvguid=0x77E1A05C170744B5A0BC23C5092E8471&camvceid=CMPEL_8F5EF540&cafiguid=0xABA21F33AEEA4899BE1AB8E67083C2CB&tguid=0x40B784B43AED4CC9857335104533EDFB
M-INFO-105898 – Seminar: Nutzeradaptive Systeme,3.0,../../campus/all/abstractModuleView.asp?gguid=0x3463C722F87E4F3891470B2DF0112478&camvguid=0x6EB87A9F703149E89E214562285E8BA7&camvceid=CMPEL_8F5EF540&cafiguid=0xABA21F33AEEA4899BE1AB8E67083C2CB&tguid=0x40B784B43AED4CC9857335104533EDFB
M-INFO-105882 – Digitale Barrierefreiheit und Assistive Technologien,3.0,../../campus/all/abstractModuleView.asp?gguid=0x4FB692FCBB4D4EC3B3A90C758C46B456&camvguid=0x0A4BF4DC883247E8B81E059A154C4B17&camvceid=CMPEL_8F5EF540&cafiguid=0xABA21F33AEEA4899BE1AB8E67083C2CB&tguid=0x40B784B43AED4CC9857335104533EDFB
M-INFO-105884 – Seminar: Digitale Barrierefreiheit und Assistive Technologien,3.0,../../campus/all/abstractModuleView.asp?gguid=0x8797BD6E97D1447A9A07B6933D206DC7&camvguid=0x14259DE1D9AC4C2985E322D3787849BE&camvceid=CMPEL_8F5EF540&cafiguid=0xABA21F33AEEA4899BE1AB8E67083C2CB&tguid=0x40B784B43AED4CC9857335104533EDFB
"M-INFO-105888 – Seminar: Advanced Topics in High Performance Computing, Data Management and Analytics",4.0,../../campus/all/abstractModuleView.asp?gguid=0x0ECDB8E69F42487BA2A0CF8712400EBD&camvguid=0x6435E587272A4978BFCE238477AEC378&camvceid=CMPEL_8F5EF540&cafiguid=0xABA21F33AEEA4899BE1AB8E67083C2CB&tguid=0x40B784B43AED4CC9857335104533EDFB
M-INFO-105958 – Projektpraktikum: Maschinelles Lernen und intelligente Systeme,8.0,../../campus/all/abstractModuleView.asp?gguid=0x5D3A3357E045467E88B074B70538E4E3&camvguid=0x5545A36630FF4A8F95AE8416B84453C4&camvceid=CMPEL_8F5EF540&cafiguid=0xABA21F33AEEA4899BE1AB8E67083C2CB&tguid=0x40B784B43AED4CC9857335104533EDFB
M-INFO-105959 – Seminar zum Projektpraktikum: Maschinelles Lernen und intelligente Systeme,3.0,../../campus/all/abstractModuleView.asp?gguid=0xCAADC179BC914E50B0335362A0190F46&camvguid=0x8D063378AFF44007A0F646900E691697&camvceid=CMPEL_8F5EF540&cafiguid=0xABA21F33AEEA4899BE1AB8E67083C2CB&tguid=0x40B784B43AED4CC9857335104533EDFB
M-INFO-105997 – Praktikum: Sprachübersetzung,6.0,../../campus/all/abstractModuleView.asp?gguid=0xB08E9927DB804821B3BCAD908080C61B&camvguid=0xE09B7331455145BFB767653F7F78507A&camvceid=CMPEL_8F5EF540&cafiguid=0xABA21F33AEEA4899BE1AB8E67083C2CB&tguid=0x40B784B43AED4CC9857335104533EDFB
M-INFO-105999 – Verarbeitung natürlicher Sprache,6.0,../../campus/all/abstractModuleView.asp?gguid=0x7007EF8095F54986A49CC29AA0419B14&camvguid=0x1FA6F8BED77F4DFCA45762D236ED2AA8&camvceid=CMPEL_8F5EF540&cafiguid=0xABA21F33AEEA4899BE1AB8E67083C2CB&tguid=0x40B784B43AED4CC9857335104533EDFB
M-INFO-106085 – Seminar: Fortgeschrittene Themen zu SAT Solving,3.0,../../campus/all/abstractModuleView.asp?gguid=0xEFE86B1E16C346CB9C968728DD6D1104&camvguid=0x5BC333FFE4564F22953EEC843747DF49&camvceid=CMPEL_8F5EF540&cafiguid=0xABA21F33AEEA4899BE1AB8E67083C2CB&tguid=0x40B784B43AED4CC9857335104533EDFB
M-INFO-106284 – Seminar: Recent Topics of Machine Learning in Materials Science and Chemistry,3.0,../../campus/all/abstractModuleView.asp?gguid=0x234D9D6562054702916EF313409299EC&camvguid=0xE477DC27B4EC4BE7A74FE15790A672A9&camvceid=CMPEL_8F5EF540&cafiguid=0xABA21F33AEEA4899BE1AB8E67083C2CB&tguid=0x40B784B43AED4CC9857335104533EDFB
M-INFO-106303 – Access Control Systems: Models and Technology,5.0,../../campus/all/abstractModuleView.asp?gguid=0x231FA5C785484268ACD62A355D4AB6DA&camvguid=0x095EEF6CA2A3432E99BE2B115601B3CC&camvceid=CMPEL_8F5EF540&cafiguid=0xABA21F33AEEA4899BE1AB8E67083C2CB&tguid=0x40B784B43AED4CC9857335104533EDFB
M-ZAK-106099 – Begleitstudium - Nachhaltige Entwicklung,19.0,../../campus/all/abstractModuleView.asp?gguid=0xB23EB4EB3BD443D58F61ABAC22B22CD1&camvguid=0x82C4452538F74CFA841134B0C8DE29D1&camvceid=CMPEL_8F5EF540&cafiguid=0xABA21F33AEEA4899BE1AB8E67083C2CB&tguid=0x40B784B43AED4CC9857335104533EDFB
M-ZAK-106235 – Begleitstudium - Angewandte Kulturwissenschaft,22.0,../../campus/all/abstractModuleView.asp?gguid=0x834C4B58B1E94E2CACED8640D416E744&camvguid=0xBF03A0AE1D7E451FA7F117C4DEF7129C&camvceid=CMPEL_8F5EF540&cafiguid=0xABA21F33AEEA4899BE1AB8E67083C2CB&tguid=0x40B784B43AED4CC9857335104533EDFB
M-INFO-106329 – Praktikum: Data Science für die Wissenschaften,6.0,../../campus/all/abstractModuleView.asp?gguid=0xAC4BB164A74A4C7896DA831A32F3DF77&camvguid=0xD03F62C07207405C8399962AB61A50B8&camvceid=CMPEL_8F5EF540&cafiguid=0xABA21F33AEEA4899BE1AB8E67083C2CB&tguid=0x40B784B43AED4CC9857335104533EDFB
M-INFO-106392 – Seminar: Hot Topics in Explainable Artificial Intelligence (XAI),4.0,../../campus/all/abstractModuleView.asp?gguid=0x454CA36660034BFDAA830CDABCEBA207&camvguid=0xC47FD85513764E0F9C67DBD61907F28C&camvceid=CMPEL_8F5EF540&cafiguid=0xABA21F33AEEA4899BE1AB8E67083C2CB&tguid=0x40B784B43AED4CC9857335104533EDFB
M-INFO-106393 – Seminar: Hot Topics in Machine Learning for Computer Security,4.0,../../campus/all/abstractModuleView.asp?gguid=0xDF13083F11CF4E76942C4F5BB6AE53A0&camvguid=0x96CFFC709B5E4E739F071C434AB67370&camvceid=CMPEL_8F5EF540&cafiguid=0xABA21F33AEEA4899BE1AB8E67083C2CB&tguid=0x40B784B43AED4CC9857335104533EDFB
M-INFO-106394 – Seminar: Hot Topics in Security of Machine Learning,4.0,../../campus/all/abstractModuleView.asp?gguid=0xB7411D00A2614BE38FED63A5A84938A0&camvguid=0x4FD95823F2824D66A20BA818794D03E2&camvceid=CMPEL_8F5EF540&cafiguid=0xABA21F33AEEA4899BE1AB8E67083C2CB&tguid=0x40B784B43AED4CC9857335104533EDFB
